DATA,KG_VENDA,KG_DOACAO,NF,PESO_MEDIO,QTD_ANIMAIS_TEXTO,DESBASTE,KG,ID_CULTIVO,VIVEIRO,QTD_ANIMAIS_CALC,QTD_ANIMAIS
20/12/2022,500.0,500.0,,19.74,25329.0,False,1000.0,V12A_C1,12A,50658.561296859174,25329.0
,424.0,424.0,,24.18,17535.0,False,848.0,V1_C4,1,35070.30603804797,17535.0
19/01/2023,250.0,250.0,,11.0,22727.0,True,500.0,V14_C1,14,45454.545454545456,22727.0
19/12/2022,672.0,142.0,1.310,20.68,,False,814.0,V12A_C1,12A,39361.70212765958,39361.70212765958
12/12/2024,128.5,128.5,,28.82,,False,257.0,V8_C6,8,8917.418459403192,8917.418459403192
12/12/2024,112.5,112.5,,28.82,3903.0,False,225.0,V8_C6,8,7807.0784177654405,3903.0
27/12/2022,532.0,79.0,1.324.,13.91,43925.0,True,611.0,V11A_C1,11A,43925.233644859814,43925.0
28/09/2023,3915.0,72.0,1.479,23.76,167803.0,True,3987.0,V1_C3,1,167803.0303030303,167803.0
23/10/2024,308.0,57.0,1.680,16.16,22586.0,True,365.0,V12A_C5,12A,22586.633663366338,22586.0
,16.0,56.007,,,,False,72.007,V7_C3,7,,
24/10/2022,2095.0,42.0,1.291,15.49,137959.0,True,2137.0,V1_C1,1,137959.97417688833,137959.0
08/06/2023,1054.0,41.0,1.416,22.38,,False,1095.0,V11A_C2,11A,48927.61394101877,48927.61394101877
27/10/2024,500.0,32.0,1.685,17.12,31074.0,True,532.0,V12A_C5,12A,31074.766355140186,31074.0
06/04/2023,280.0,30.0,1.379,22.46,13802.0,True,310.0,V10_C1,10,13802.315227070347,13802.0
23/12/2022,1764.0,30.0,1.320.,12.99,138105.0,True,1794.0,V11B_C1,11B,138106.23556581986,138105.0
24/11/2022,1512.0,29.0,1.302,14.91,,False,1541.0,V12A_C1,12A,103353.45405767941,103353.45405767941
04/09/2023,216.0,27.0,1.472,20.29,11976.0,True,243.0,V1_C3,1,11976.343026121243,11976.0
11/07/2023,406.0,23.0,1.433,24.81,17270.0,False,429.0,V12B4_C2,12B4,17291.414752116085,17270.0
29/12/2022,349.0,22.0,1.335.,17.89,,False,371.0,V12A_C1,12A,20737.84237003913,20737.84237003913
19/11/2024,400.0,20.5,1.697,14.02,28530.0,True,420.5,V11C_C7,11C,29992.867332382313,28530.0
14/03/2023,312.0,20.0,1.370,24.24,13696.0,True,332.0,V1_C2,1,13696.369636963696,13696.0
23/02/2023,585.0,20.0,1.360,20.8,29086.0,True,605.0,V4_C2,4,29086.53846153846,29086.0
04/01/2024,602.0,19.0,1.524,15.1,41125.0,True,621.0,V14_C3,14,41125.82781456954,41125.0
02/11/2023,170.5,19.0,1.497,15.1,12549.0,True,189.5,V12A_C3,12A,12549.668874172186,12549.0
23/05/2023,252.0,17.0,1.405,23.03,11680.0,True,269.0,V12A_C2,12A,11680.416847590099,11680.0
22/07/2023,702.0,17.0,1.441,30.35,23690.0,True,719.0,V3_C2,3,23690.280065897856,23690.0
17/12/2024,16.0,16.0,,29.0,551.0,False,32.0,V8_C6,8,1103.448275862069,551.0
17/12/2024,16.0,16.0,,33.0,484.0,False,32.0,V12B1_C6,12B1,969.6969696969697,484.0
21/09/2023,610.0,15.0,1.476,23.79,26271.0,True,625.0,V1_C3,1,26271.54266498529,26271.0
04/01/2024,516.0,12.0,1.524,14.34,35983.0,True,528.0,V11B_C4,11B,36820.08368200837,35983.0
03/05/2023,1507.0,12.0,1.395,21.13,71888.0,True,1519.0,V12A_C2,12A,71888.31045906295,71888.0
,11.0,11.0,,,,False,22.0,V7_C7,7,,
31/03/2023,54.0,11.0,1.377,15.37,4.2,False,65.0,V11C_C2,11C,4229.017566688354,4.2
07/06/2024,1844.5,11.0,1.599,22.65,81920.0,True,1855.5,V12A_C4,12A,81920.5298013245,81920.0
12/09/2024,230.0,10.0,1.644,14.42,16643.0,True,240.0,V8_C5,8,16643.55062413315,16643.0
08/07/2023,616.0,10.0,1.449,17.3,36184.0,True,626.0,V4_C3,4,36184.971098265894,36184.0
19/12/2022,569.0,10.0,1.309,12.02,47459.0,True,579.0,V12B5_C1,12B5,48169.717138103166,47459.0
,10.0,10.0,,22.6,442.0,True,20.0,V1_C3,1,884.9557522123894,442.0
23/05/2023,295.0,10.0,1.405,16.85,,False,305.0,V11B_C2,11B,18100.890207715132,18100.890207715132
24/02/2025,465.0,9.0,1.731,13.95,33978.0,True,474.0,V7_C8,7,33978.49462365592,33978.0
07/02/2024,200.0,9.0,1.536,20.12,10487.0,True,209.0,V11B_C4,11B,10387.673956262424,10487.0
06/05/2024,700.0,8.0,1.576,32.56,21498.0,True,708.0,V1_C4,1,21744.471744471743,21498.0
29/08/2024,172.0,8.0,1.640,10.72,16791.0,True,180.0,V10_C5,10,16791.0447761194,16791.0
10/07/2024,74.0,8.0,1.613,25.52,3213.0,True,82.0,V14_C4,14,3213.166144200627,3213.0
16/03/2023,1666.0,7.0,1.372,22.93,72961.0,True,1673.0,V1_C2,1,72961.18621892716,72961.0
28/12/2022,5476.0,7.0,1.327.,20.06,273330.0,False,5483.0,V12A_C1,12A,273330.00997008977,273330.0
25/01/2023,444.0,6.0,1.350,15.15,29702.0,True,450.0,V1_C2,1,29702.970297029704,29702.0
17/09/2024,1500.0,6.0,1.646,9.5,158825.0,True,1506.0,V12A_C5,12A,158526.31578947368,158825.0
09/03/2023,59.0,6.0,1.369,12.26,5301.0,False,65.0,V12B1_C2,12B1,5301.794453507341,5301.0
,6.0,6.0,,7.0,857.0,False,12.0,V11B_C2,11B,1714.2857142857142,857.0
30/01/2024,1316.0,5.0,1.534,19.38,68163.0,False,1321.0,V7_C4,7,68163.05469556244,68163.0
29/01/2025,2236.0,5.0,1.723,17.71,126538.0,True,2241.0,V1_C6,1,126538.67871259175,126538.0
25/05/2024,4942.0,5.0,1.592,21.83,226614.0,True,4947.0,V12A_C4,12A,226614.7503435639,226614.0
12/06/2025,51.0,5.0,1.806,22.23,2519.0,True,56.0,V1_C8,1,2519.118308591993,2519.0
16/08/2023,655.0,5.0,1.456,33.8,19526.0,True,660.0,V3_C2,3,19526.62721893491,19526.0
28/07/2023,350.0,5.0,1.445,31.99,11097.0,True,355.0,V8_C2,8,11097.217880587685,11097.0
11/07/2023,357.0,4.0,1.433,10.68,33426.0,True,361.0,V14_C2,14,33801.49812734083,33426.0
17/12/2023,1019.0,4.0,1.518,16.38,62454.0,True,1023.0,V4_C4,4,62454.21245421246,62454.0
01/06/2024,1610.5,4.0,1.596,23.54,68585.0,True,1614.5,V12A_C4,12A,68585.38657604078,68585.0
21/02/2024,1018.0,3.5,1.538,17.52,58304.0,True,1021.5,V1_C4,1,58304.79452054795,58304.0
30/01/2024,1186.0,3.0,1.534,16.93,70230.0,True,1189.0,V11B_C4,11B,70230.36030714707,70230.0
31/01/2025,2040.0,3.0,1724,9.07,225248.0,True,2043.0,V12A_C6,12A,225248.07056229326,225248.0
04/12/2023,504.0,3.0,1.514,14.46,34854.0,True,507.0,V8_C3,8,35062.24066390041,34854.0
,3.0,3.0,,,,False,6.0,V12B5_C3,12B5,,
17/12/2023,1746.0,3.0,1.519,13.01,134204.0,True,1749.0,V12B5_C3,12B5,134435.04996156803,134204.0
29/04/2024,300.0,2.0,1.574,13.15,22813.0,True,302.0,V14_C4,14,22965.779467680608,22813.0
29/10/2023,3288.0,2.0,1.494,15.48,212532.0,True,3290.0,V12A_C3,12A,212532.29974160207,212532.0
26/03/2023,2873.0,2.0,1.374,13.65,210622.0,True,2875.0,V12A_C2,12A,210622.7106227106,210622.0
25/03/2024,1470.0,2.0,1.552,19.19,76706.0,True,1472.0,V11A_C4,11A,76706.61803022407,76706.0
05/03/2023,599.0,2.0,1.366,21.2,28349.0,True,601.0,V4_C2,4,28349.056603773584,28349.0
27/01/2023,300.0,2.0,1.351,15.75,19174.0,True,302.0,V1_C2,1,19174.603174603173,19174.0
30/12/2022,750.0,2.0,1.336.,16.26,46248.0,True,752.0,V12A_C1,12A,46248.46248462484,46248.0
13/05/2024,200.0,2.0,1.582,20.13,10034.0,True,202.0,V11B_C5,11B,10034.7739692002,10034.0
04/03/2023,1011.0,2.0,1.365,20.19,50173.0,True,1013.0,V1_C2,1,50173.35314512134,50173.0
05/03/2023,238.0,1.5,1.366,14.71,16281.0,True,239.5,V10_C1,10,16281.441196464988,16281.0
04/01/2024,1124.0,1.0,1.524,21.83,51488.0,False,1125.0,V8_C3,8,51534.58543289052,51488.0
29/07/2024,251.5,1.0,1.618,12.09,20885.0,True,252.5,V12B4_C6,12B4,20885.028949545078,20885.0
01/02/2024,304.0,1.0,1.535,11.28,27039.0,True,305.0,V13_C4,13,27039.007092198583,27039.0
06/03/2023,302.0,0.6,1.368,21.69,13951.0,True,302.6,V1_C2,1,13951.129552789303,13951.0
28/04/2023,2488.0,0.0,1.392,19.75,125974.0,True,2488.0,V12A_C2,12A,125974.6835443038,125974.0
30/01/2024,60.0,0.0,1.533,16.93,3544.0,True,60.0,V11B_C4,11B,3544.0047253396338,3544.0
09/05/2023,400.0,0.0,1.401,21.92,18248.0,True,400.0,V12A_C2,12A,18248.17518248175,18248.0
15/05/2023,2250.0,0.0,1.402,22.22,101.26,True,2250.0,V12A_C2,12A,101260.12601260126,101.26
15/05/2023,874.0,0.0,1.403,22.22,39.333,True,874.0,V12A_C2,12A,39333.933393339335,39.333
27/10/2023,76.0,0.0,1.492,17.43,,False,76.0,V11B_C3,11B,4360.29833620195,4360.29833620195
27/10/2023,3687.0,0.0,1.491,17.29,,False,3687.0,V11B_C3,11B,213244.65008675537,213244.65008675537
28/05/2023,451.0,0.0,1.408,20.51,21989.0,True,451.0,V12A_C2,12A,21989.2735251097,21989.0
31/05/2023,497.0,0.0,1.411,24.08,20639.0,True,497.0,V12A_C2,12A,20639.53488372093,20639.0
10/11/2022,1536.5,0.0,1.295,12.63,,False,1536.5,V12A_C1,12A,121654.7901821061,121654.7901821061
08/06/2023,3998.0,0.0,1.415,23.0,173826.0,True,3998.0,V12A_C2,12A,173826.08695652173,173826.0
27/10/2023,100.0,0.0,1.490,17.29,,False,100.0,V11B_C3,11B,5783.68999421631,5783.68999421631
05/07/2023,96.0,0.0,1.431,24.92,,False,96.0,V11B_C2,11B,3852.3274478330654,3852.3274478330654
04/07/2023,374.0,0.0,1.430,24.92,,False,374.0,V11B_C2,11B,15008.025682182984,15008.025682182984
26/04/2023,394.0,0.0,1.387,20.6,,False,394.0,V12A_C2,12A,19126.21359223301,19126.21359223301
24/02/2024,1035.0,0.0,1.541,22.54,,False,1035.0,V11B_C4,11B,45918.36734693878,45918.36734693878
07/06/2023,315.0,0.0,1.413,24.64,12778.0,True,315.0,V12A_C2,12A,12784.090909090908,12778.0
23/11/2022,150.0,0.0,1.299,14.91,,False,150.0,V12A_C1,12A,10060.36217303823,10060.36217303823
24/11/2022,110.0,0.0,1.301,14.91,,False,110.0,V12A_C1,12A,7377.598926894701,7377.598926894701
24/02/2024,252.0,0.0,1.540,22.54,,False,252.0,V11B_C4,11B,11180.124223602485,11180.124223602485
24/11/2022,110.0,0.0,1.300,14.91,,False,110.0,V12A_C1,12A,7377.598926894701,7377.598926894701
19/12/2022,80.0,0.0,1.311,19.3,,False,80.0,V12A_C1,12A,4145.077720207254,4145.077720207254
20/12/2022,2520.0,0.0,1.312,19.3,,False,2520.0,V12A_C1,12A,130569.94818652849,130569.94818652849
20/12/2022,510.0,0.0,1.313,19.74,,False,510.0,V12A_C1,12A,25835.86626139818,25835.86626139818
20/12/2022,30.0,0.0,1.314,19.74,,False,30.0,V12A_C1,12A,1519.756838905775,1519.756838905775
29/12/2022,2170.0,0.0,1.334.,17.89,,False,2170.0,V12A_C1,12A,121296.81386249301,121296.81386249301
03/01/2023,60.0,0.0,1337.,17.89,,False,60.0,V12A_C1,12A,3353.828954723309,3353.828954723309
19/11/2023,3132.0,0.0,1.505,15.67,,False,3132.0,V12A_C3,12A,199872.36758136566,199872.36758136566
19/11/2023,160.0,0.0,1.507,15.67,,False,160.0,V12A_C3,12A,10210.593490746649,10210.593490746649
20/11/2023,3100.0,0.0,1.508,15.6,,False,3100.0,V12A_C3,12A,198717.94871794872,198717.94871794872
23/11/2023,833.5,0.0,1.510,14.69,,False,833.5,V12A_C3,12A,56739.278420694354,56739.278420694354
19/02/2024,621.0,0.0,1.537,11.57,53673.0,False,621.0,V12A_C4,12A,53673.292999135694,53673.0
09/03/2024,1957.0,0.0,1.544,11.39,171817.0,True,1957.0,V12A_C4,12A,171817.38366988586,171817.0
13/03/2024,398.0,0.0,1.546,12.27,32436.0,True,398.0,V12A_C4,12A,32436.837815810923,32436.0
22/03/2024,1473.5,0.0,1.550,12.57,111223.0,True,1473.5,V12A_C4,12A,117223.54813046937,111223.0
31/03/2024,1215.0,0.0,1.558,12.57,96658.0,True,1215.0,V12A_C4,12A,96658.71121718377,96658.0
12/04/2024,694.0,0.0,1.568,15.48,44832.0,True,694.0,V12A_C4,12A,44832.04134366925,44832.0
04/03/2023,350.0,0.0,1.396,16.01,,False,350.0,V11B_C2,11B,21861.336664584633,21861.336664584633
28/05/2024,3875.0,0.0,1.593,21.87,177183.0,True,3875.0,V12A_C4,12A,177183.35619570187,177183.0
05/04/2023,260.0,0.0,1.378,10.55,,False,260.0,V11B_C2,11B,24644.549763033174,24644.549763033174
02/06/2024,240.0,0.0,1.598,21.41,11209.0,True,240.0,V12A_C4,12A,11209.71508640822,11209.0
29/03/2023,56.0,0.0,1.375,10.29,,False,56.0,V11B_C2,11B,5442.1768707483,5442.1768707483
08/06/2024,163.0,0.0,,21.34,7638.0,False,163.0,V12A_C4,12A,7638.238050609185,7638.0
04/03/2023,118.0,0.0,1.397,16.01,,False,118.0,V11B_C2,11B,7370.393504059962,7370.393504059962
04/07/2023,1710.0,0.0,1.428,25.19,,False,1710.0,V11B_C2,11B,67884.08098451766,67884.08098451766
04/07/2023,183.0,0.0,1.427,25.19,,False,183.0,V11B_C2,11B,7264.787614132592,7264.787614132592
28/09/2023,2072.0,0.0,1.481,10.2,203137.0,True,2072.0,V12A_C3,12A,203137.2549019608,203137.0
28/09/2023,222.0,0.0,1.482,10.2,21764.0,True,222.0,V12A_C3,12A,21764.705882352944,21764.0
07/06/2023,696.0,0.0,1.414,19.14,,False,696.0,V11B_C2,11B,36363.63636363636,36363.63636363636
17/11/2023,127.0,0.0,1.504,16.11,,False,127.0,V12A_C3,12A,7883.302296710118,7883.302296710118
16/05/2023,373.0,0.0,1.404,16.57,,False,373.0,V11B_C2,11B,22510.561255280627,22510.561255280627
17/11/2023,4437.0,0.0,1.503,16.11,,False,4437.0,V12A_C3,12A,275418.9944134078,275418.9944134078
07/04/2025,616.0,0.0,1.761,12.27,50203.0,True,616.0,V11B_C8,11B,50203.74898125509,50203.0
09/06/2023,14.0,0.0,1.417,6.55,,False,14.0,V11C_C3,11C,2137.4045801526718,2137.4045801526718
10/06/2023,149.0,0.0,1.418,5.92,,False,149.0,V11C_C3,11C,25168.91891891892,25168.91891891892
20/09/2023,2576.0,0.0,1.474,13.71,,False,2576.0,V11C_C4,11C,187892.04959883296,187892.04959883296
04/01/2024,220.0,0.0,1.524,10.34,21276.0,True,220.0,V11C_C5,11C,21276.59574468085,21276.0
26/01/2024,200.0,0.0,1.528,13.63,14673.0,True,200.0,V11C_C5,11C,14673.514306676449,14673.0
26/03/2025,288.0,0.0,1.749,10.86,26519.0,True,288.0,V11B_C8,11B,26519.337016574587,26519.0
20/03/2025,150.0,0.0,1.743,8.78,17084.0,True,150.0,V11B_C8,11B,17084.282460136674,17084.0
19/03/2025,164.0,0.0,1.742,9.32,17596.0,True,164.0,V11B_C8,11B,17596.56652360515,17596.0
07/04/2024,714.0,0.0,1.562,19.88,35915.0,True,714.0,V11C_C5,11C,35915.49295774648,35915.0
24/02/2024,400.0,0.0,1.542,19.19,,False,400.0,V11B_C4,11B,20844.189682126107,20844.189682126107
09/04/2024,614.0,0.0,1.567,18.66,,False,614.0,V11C_C5,11C,32904.60878885316,32904.60878885316
10/12/2024,291.0,0.0,,11.69,,False,291.0,V11B_C7,11B,24893.071000855434,24893.071000855434
08/10/2024,254.0,0.0,1.666,8.91,28507.0,True,254.0,V11C_C7,11C,28507.29517396184,28507.0
12/12/2024,2109.5,0.0,1.705,11.48,,False,2109.5,V11B_C7,11B,183754.35540069686,183754.35540069686
28/10/2024,230.0,0.0,1.688,11.42,20140.0,True,230.0,V11C_C7,11C,20140.105078809105,20140.0
29/10/2024,51.0,0.0,1.689,11.04,4619.0,True,51.0,V11C_C7,11C,4619.565217391305,4619.0
26/11/2024,359.0,0.0,1.700,10.44,,False,359.0,V11B_C7,11B,34386.97318007663,34386.97318007663
19/11/2024,210.0,0.0,1.698,14.02,14986.0,True,210.0,V11C_C7,11C,14978.601997146934,14986.0
21/11/2024,403.0,0.0,1.699,14.65,27508.0,True,403.0,V11C_C7,11C,27508.53242320819,27508.0
08/04/2025,621.0,0.0,1.764,11.31,,False,621.0,V11B_C8,11B,54907.16180371353,54907.16180371353
09/04/2025,328.0,0.0,1.771,11.36,,False,328.0,V11B_C8,11B,28873.23943661972,28873.23943661972
29/04/2025,1696.0,0.0,1.786,15.65,,False,1696.0,V11B_C8,11B,108370.60702875399,108370.60702875399
30/04/2025,100.0,0.0,1.787,16.14,,False,100.0,V11B_C8,11B,6195.786864931846,6195.786864931846
30/04/2025,176.0,0.0,1.788,16.14,,False,176.0,V11B_C8,11B,10904.584882280049,10904.584882280049
08/06/2025,308.7,0.0,1.803,12.71,24287.0,True,308.7,V11B_C9,11B,24287.962234461054,24287.0
08/06/2025,548.0,0.0,1.802,12.71,43115.0,True,548.0,V11B_C9,11B,43115.65696302124,43115.0
24/11/2022,182.0,0.0,1.302,12.64,14398.0,True,182.0,V11C_C1,11C,14398.734177215189,14398.0
05/12/2022,742.0,0.0,1.306,14.9,49798.0,True,742.0,V11C_C1,11C,49798.657718120805,49798.0
04/01/2023,1602.0,0.0,1.338.,22.74,,False,1602.0,V11C_C1,11C,70448.54881266491,70448.54881266491
29/03/2023,77.0,0.0,1.375,17.17,4484.0,True,77.0,V11C_C2,11C,4484.56610366919,4484.0
27/04/2023,1912.0,0.0,1.388,16.63,,False,1912.0,V11C_C2,11C,114972.94046903188,114972.94046903188
08/07/2024,418.0,0.0,1.620,17.64,,False,418.0,V11B_C6,11B,23696.145124716553,23696.145124716553
29/07/2024,200.0,0.0,1.618,14.79,,False,200.0,V11B_C6,11B,13522.65043948614,13522.65043948614
14/08/2024,983.0,0.0,1.625,18.75,52426.0,True,983.0,V11B_C6,11B,52426.666666666664,52426.0
26/11/2024,202.0,0.0,1.700,16.48,12257.0,True,202.0,V11C_C7,11C,12257.281553398057,12257.0
24/06/2024,374.0,0.0,1.610,23.73,,False,374.0,V11B_C5,11B,15760.640539401602,15760.640539401602
23/06/2024,882.0,0.0,1.609,23.83,,False,882.0,V11B_C5,11B,37012.16953420059,37012.16953420059
23/06/2024,560.0,0.0,,23.83,,False,560.0,V11B_C5,11B,23499.79018044482,23499.79018044482
10/06/2024,110.0,0.0,1.601,22.5,,False,110.0,V11B_C5,11B,4888.888888888889,4888.888888888889
,2.0,0.0,,,273330.0,True,2.0,V12A_C1,12A,,273330.0
27/11/2024,32.0,0.0,1.701,15.24,2099.0,True,32.0,V11C_C7,11C,2099.737532808399,2099.0
16/06/2025,229.0,0.0,1.811,18.28,12527.0,True,229.0,V11C_C10,11C,12527.352297592997,12527.0
20/08/2024,231.0,0.0,1.629,20.46,,False,231.0,V11B_C6,11B,11290.322580645161,11290.322580645161
28/11/2024,504.0,0.0,1.702,14.68,,False,504.0,V11C_C7,11C,34332.42506811989,34332.42506811989
12/03/2025,426.0,0.0,1.738,17.11,24897.0,True,426.0,V11C_C8,11C,24897.72063120982,24897.0
21/03/2025,75.5,0.0,1.745,18.4,,False,75.5,V11C_C8,11C,4103.260869565218,4103.260869565218
27/03/2025,565.0,0.0,1.750,21.71,,False,565.0,V11C_C8,11C,26024.87333026255,26024.87333026255
27/03/2025,570.0,0.0,1.751,21.71,,False,570.0,V11C_C8,11C,26255.1819438047,26255.1819438047
27/03/2025,578.0,0.0,1.752,21.71,,False,578.0,V11C_C8,11C,26623.67572547213,26623.67572547213
27/03/2025,150.0,0.0,1.754,21.71,,False,150.0,V11C_C8,11C,6909.258406264394,6909.258406264394
11/06/2025,207.0,0.0,1.804,16.8,12321.0,True,207.0,V11C_C10,11C,12321.42857142857,12321.0
14/11/2023,217.0,0.0,1.500,10.68,20318.0,True,217.0,V12B5_C3,12B5,20318.352059925095,20318.0
21/11/2023,181.0,0.0,1.509,11.72,15443.0,True,181.0,V12B5_C3,12B5,15443.686006825938,15443.0
21/04/2024,393.0,0.0,1.571,10.69,36763.0,True,393.0,V12B5_C4,12B5,36763.330215154354,36763.0
08/05/2024,1635.0,0.0,1.578,9.42,,False,1635.0,V12B5_C4,12B5,173566.87898089172,173566.87898089172
23/09/2024,300.0,0.0,1.650,12.09,24813.0,True,300.0,V12B5_C5,12B5,24813.89578163772,24813.0
01/10/2024,73.0,0.0,,15.58,4685.0,True,73.0,V12B5_C5,12B5,4685.494223363286,4685.0
08/10/2024,121.0,0.0,1.665,13.68,8845.0,True,121.0,V12B5_C5,12B5,8845.029239766081,8845.0
10/10/2024,264.0,0.0,1.670,13.54,19497.0,True,264.0,V12A_C5,12A,19497.784342688334,19497.0
15/10/2024,400.0,0.0,1.672,15.69,,False,400.0,V12B5_C5,12B5,25493.945188017846,25493.945188017846
17/10/2024,300.0,0.0,1.675,14.58,,False,300.0,V12B5_C5,12B5,20576.1316872428,20576.1316872428
17/10/2024,200.0,0.0,1.676,14.58,,False,200.0,V12B5_C5,12B5,13717.421124828532,13717.421124828532
05/04/2025,1638.0,0.0,1.760,12.96,,False,1638.0,V12B5_C7,12B5,126388.88888888888,126388.88888888888
21/12/2022,436.0,0.0,1.319.,10.67,40862.0,True,436.0,V13_C1,13,40862.230552952205,40862.0
16/02/2023,2352.0,0.0,1.358.,14.42,,False,2352.0,V13_C1,13,163106.79611650485,163106.79611650485
16/02/2023,150.0,0.0,1.359.,14.42,,False,150.0,V13_C1,13,10402.219140083218,10402.219140083218
28/04/2023,264.0,0.0,1.393,10.28,25680.0,True,264.0,V13_C2,13,25680.93385214008,25680.0
03/07/2023,800.0,0.0,1.426,18.41,43454.0,True,800.0,V13_C2,13,43454.64421510049,43454.0
03/07/2023,1008.0,0.0,1.425,17.62,57207.0,True,1008.0,V13_C2,13,57207.718501702606,57207.0
13/07/2023,990.0,0.0,1.435,25.57,,False,990.0,V12B4_C2,12B4,38717.246773562765,38717.246773562765
13/10/2023,1096.5,0.0,1.486,12.82,,False,1096.5,V12B4_C3,12B4,85530.42121684867,85530.42121684867
30/01/2024,102.0,0.0,1.533,11.43,8924.0,True,102.0,V12B4_C4,12B4,8923.884514435696,8924.0
13/03/2024,1215.0,0.0,1.545,19.75,,False,1215.0,V12B4_C4,12B4,61518.987341772154,61518.987341772154
23/04/2024,180.0,0.0,,1.8,,False,180.0,V12B4_C5,12B4,100000.0,100000.0
23/04/2024,45.0,0.0,,1.8,,False,45.0,V12B4_C5,12B4,25000.0,25000.0
07/08/2024,232.0,0.0,1.620,13.27,17483.0,True,232.0,V12B4_C6,12B4,17483.044461190657,17483.0
12/08/2024,219.0,0.0,1.621,15.2,14407.0,True,219.0,V12B4_C6,12B4,14407.894736842107,14407.0
12/07/2023,2156.0,0.0,1.434,16.72,,False,2156.0,V12B5_C2,12B5,128947.36842105264,128947.36842105264
31/03/2025,354.5,0.0,1.755,12.65,28023.0,True,354.5,V12B4_C9,12B4,28023.71541501976,28023.0
12/04/2025,373.0,0.0,1.773,17.96,20768.0,True,373.0,V12B4_C9,12B4,20768.374164810688,20768.0
12/04/2025,90.0,0.0,1.775,17.96,5011.0,True,90.0,V12B4_C9,12B4,5011.135857461024,5011.0
13/04/2025,36.0,0.0,1.778,17.96,,False,36.0,V12B4_C9,12B4,2004.4543429844098,2004.4543429844098
12/02/2023,588.0,0.0,1.356.,21.81,26960.0,True,588.0,V12B5_C1,12B5,26960.110041265478,26960.0
19/12/2022,569.0,0.0,1.309.,12.02,,False,569.0,V12B5_C1,12B5,47337.77038269551,47337.77038269551
13/02/2023,1009.0,0.0,1.357.,19.67,,False,1009.0,V12B5_C1,12B5,51296.39044229791,51296.39044229791
24/05/2023,216.0,0.0,1.407,9.92,21774.0,True,216.0,V12B5_C2,12B5,21774.1935483871,21774.0
13/08/2024,304.0,0.0,1.623,14.69,,False,304.0,V12B4_C6,12B4,20694.349897889722,20694.349897889722
24/10/2022,1006.4,0.0,1.289,15.24,66023.0,True,1006.4,V1_C1,1,66036.74540682415,66023.0
01/03/2023,1302.0,0.0,1.364,17.82,,False,1302.0,V14_C1,14,73063.97306397307,73063.97306397307
23/05/2023,126.0,0.0,1.406,7.79,16174.0,True,126.0,V14_C2,14,16174.582798459563,16174.0
24/05/2023,74.0,0.0,1.407,7.79,9499.0,True,74.0,V14_C2,14,9499.358151476252,9499.0
22/01/2024,1800.0,0.0,1.527,18.57,,False,1800.0,V14_C3,14,96930.53311793215,96930.53311793215
19/06/2024,442.0,0.0,1.607,21.2,20849.0,True,442.0,V14_C4,14,20849.056603773584,20849.0
12/07/2024,504.0,0.0,1.614,24.28,20757.0,True,504.0,V14_C4,14,20757.82537067545,20757.0
15/07/2024,413.0,0.0,,22.51,,False,413.0,V14_C4,14,18347.401155042204,18347.401155042204
15/07/2024,97.0,0.0,1.615,22.51,,False,97.0,V14_C4,14,4309.195912927587,4309.195912927587
15/08/2024,298.0,0.0,,10.61,28086.0,True,298.0,V14_C5,14,28086.71065032988,28086.0
28/08/2024,1297.0,0.0,1.638,14.6,,False,1297.0,V14_C5,14,88835.61643835617,88835.61643835617
29/08/2024,17.0,0.0,1.640,14.6,,False,17.0,V14_C5,14,1164.3835616438357,1164.3835616438357
26/11/2024,271.0,0.0,1.700,10.15,26699.0,True,271.0,V14_C6,14,26699.50738916256,26699.0
16/12/2024,560.0,0.0,,14.73,,False,560.0,V14_C6,14,38017.65105227427,38017.65105227427
17/12/2024,600.0,0.0,1.708,14.73,,False,600.0,V14_C6,14,40733.19755600815,40733.19755600815
17/12/2024,337.0,0.0,1.709,14.73,,False,337.0,V14_C6,14,22878.47929395791,22878.47929395791
05/07/2023,26.0,0.0,1.432,17.62,,False,26.0,V13_C2,13,1475.5959137343928,1475.5959137343928
26/09/2023,366.0,0.0,1.477,13.41,27293.0,True,366.0,V13_C3,13,27293.064876957495,27293.0
13/10/2023,1812.5,0.0,1.486,16.52,,False,1812.5,V13_C3,13,109715.49636803874,109715.49636803874
13/10/2023,152.0,0.0,1.488,16.52,,False,152.0,V13_C3,13,9200.968523002422,9200.968523002422
20/03/2024,2588.0,0.0,1.549,15.49,,False,2588.0,V13_C4,13,167075.5326016785,167075.5326016785
20/05/2024,540.0,0.0,1.586,11.26,47957.0,True,540.0,V13_C5,13,47957.37122557726,47957.0
29/05/2024,2072.0,0.0,1.594,12.49,,False,2072.0,V13_C5,13,165892.71417133708,165892.71417133708
19/09/2024,396.0,0.0,1.648,13.54,29246.0,True,396.0,V13_C6,13,29246.676514032497,29246.0
01/10/2024,111.0,0.0,1.659,14.86,7469.0,True,111.0,V13_C6,13,7469.717362045761,7469.0
01/10/2024,240.0,0.0,,15.96,,False,240.0,V13_C6,13,15037.593984962405,15037.593984962405
13/06/2025,193.0,0.0,1.808,10.04,19223.0,True,193.0,V13_C9,13,19223.107569721116,19223.0
08/10/2024,520.0,0.0,1.662,15.96,,False,520.0,V13_C6,13,32581.45363408521,32581.45363408521
08/10/2024,1190.0,0.0,1.664,15.96,,False,1190.0,V13_C6,13,74561.40350877192,74561.40350877192
10/12/2024,300.0,0.0,1.704,12.88,23291.0,True,300.0,V13_C7,13,23291.925465838507,23291.0
18/12/2024,250.0,0.0,1.711,14.29,17494.0,True,250.0,V13_C7,13,17494.751574527643,17494.0
23/12/2024,1008.0,0.0,1.713,14.07,,False,1008.0,V13_C7,13,71641.79104477612,71641.79104477612
23/12/2024,432.0,0.0,1.714,14.07,,False,432.0,V13_C7,13,30703.62473347548,30703.62473347548
27/01/2025,312.0,0.0,1.722,10.36,30115.0,True,312.0,V13_C8,13,30115.83011583012,30115.0
21/03/2025,2490.0,0.0,1.746,17.71,,False,2490.0,V13_C8,13,140598.5319028797,140598.5319028797
22/03/2025,166.0,0.0,1.748,18.0,,False,166.0,V13_C8,13,9222.222222222223,9222.222222222223
29/10/2024,404.0,0.0,1.690,17.4,23218.0,True,404.0,V12A_C5,12A,23218.390804597704,23218.0
30/10/2024,510.0,0.0,1.691,16.41,31078.0,True,510.0,V12A_C5,12A,31078.610603290675,31078.0
30/10/2024,356.0,0.0,1.692,15.64,22762.0,True,356.0,V12A_C5,12A,22762.148337595907,22762.0
30/10/2024,784.0,0.0,,16.41,47775.0,True,784.0,V12A_C5,12A,47775.746496039,47775.0
01/11/2024,357.0,0.0,1.695,15.29,23348.0,True,357.0,V12A_C5,12A,23348.593852190977,23348.0
02/11/2024,199.0,0.0,1.696,13.96,14255.0,True,199.0,V12A_C5,12A,14255.014326647564,14255.0
06/09/2024,196.0,0.0,1.642,9.21,,False,196.0,V12A_C5,12A,21281.216069489685,21281.216069489685
09/09/2024,264.0,0.0,1.643,9.32,,False,264.0,V12A_C5,12A,28326.18025751073,28326.18025751073
13/09/2024,204.0,0.0,1.645,9.86,,False,204.0,V12A_C5,12A,20689.655172413793,20689.655172413793
19/09/2024,210.0,0.0,1.648,10.21,,False,210.0,V12A_C5,12A,20568.07051909892,20568.07051909892
19/09/2024,170.0,0.0,1.649,10.21,,False,170.0,V12A_C5,12A,16650.342801175317,16650.342801175317
23/09/2024,304.0,0.0,1.650,10.54,,False,304.0,V12A_C5,12A,28842.50474383302,28842.50474383302
02/10/2024,200.0,0.0,1.660,11.89,,False,200.0,V12A_C5,12A,16820.85786375105,16820.85786375105
02/10/2024,416.0,0.0,1.661,11.89,,False,416.0,V12A_C5,12A,34987.38435660218,34987.38435660218
08/10/2024,673.0,0.0,1.666,13.38,,False,673.0,V12A_C5,12A,50298.95366218236,50298.95366218236
09/10/2024,518.0,0.0,1.667,13.97,,False,518.0,V12A_C5,12A,37079.45597709377,37079.45597709377
09/10/2024,306.0,0.0,1.668,13.97,,False,306.0,V12A_C5,12A,21904.080171796708,21904.080171796708
11/10/2024,190.0,0.0,1.671,13.0,,False,190.0,V12A_C5,12A,14615.384615384615,14615.384615384615
23/10/2024,300.0,0.0,1.678,16.55,,False,300.0,V12A_C5,12A,18126.888217522657,18126.888217522657
23/10/2024,500.0,0.0,1.681,15.93,,False,500.0,V12A_C5,12A,31387.319522912745,31387.319522912745
23/10/2024,196.0,0.0,1.682,15.93,,False,196.0,V12A_C5,12A,12303.829252981795,12303.829252981795
23/10/2024,94.0,0.0,1.683,15.93,,False,94.0,V12A_C5,12A,5900.8160703075955,5900.8160703075955
25/10/2024,506.0,0.0,1.684,15.91,,False,506.0,V12A_C5,12A,31803.89692017599,31803.89692017599
01/10/2024,130.0,0.0,1.659,13.05,,False,130.0,V12A_C5,12A,9961.68582375479,9961.68582375479
29/10/2024,50.0,0.0,1.689,17.4,2873.0,True,50.0,V12A_C5,12A,2873.5632183908046,2873.0
27/10/2024,500.0,0.0,1.686,17.12,29205.0,True,500.0,V12A_C5,12A,29205.607476635512,29205.0
27/10/2024,410.0,0.0,1.687,17.12,23948.0,True,410.0,V12A_C5,12A,23948.59813084112,23948.0
14/08/2024,158.5,0.0,1.624,12.84,,False,158.5,V12B1_C5,12B1,12344.236760124611,12344.236760124611
19/08/2024,83.0,0.0,1.627,12.92,,False,83.0,V12B1_C5,12B1,6424.148606811145,6424.148606811145
05/02/2025,156.0,0.0,1.725,19.91,,False,156.0,V12B1_C6,12B1,7835.2586639879455,7835.2586639879455
11/01/2023,70.0,0.0,1.346.,9.09,,False,70.0,V12B2_C1,12B2,7700.770077007701,7700.770077007701
26/04/2023,80.0,0.0,1.387,15.98,,False,80.0,V12B2_C2,12B2,5006.2578222778475,5006.2578222778475
11/10/2023,112.0,0.0,1.484,11.2,,False,112.0,V12B2_C4,12B2,10000.0,10000.0
09/01/2024,46.0,0.0,1.525,13.7,,False,46.0,V12B2_C5,12B2,3357.6642335766423,3357.6642335766423
20/05/2024,74.0,0.0,1.584,19.69,,False,74.0,V12B2_C6,12B2,3758.252920264093,3758.252920264093
13/12/2024,52.0,0.0,,32.0,,False,52.0,V12B2_C7,12B2,1625.0,1625.0
09/04/2025,82.0,0.0,1.766,24.84,,False,82.0,V12B2_C8,12B2,3301.1272141706922,3301.1272141706922
09/04/2025,63.0,0.0,1.767,24.84,,False,63.0,V12B2_C8,12B2,2536.231884057971,2536.231884057971
20/10/2022,211.0,0.0,1.287,15.71,,False,211.0,V12B3_C1,12B3,13430.935709739018,13430.935709739018
09/03/2023,57.0,0.0,1.369,17.82,3198.0,True,57.0,V12B3_C2,12B3,3198.6531986531986,3198.0
16/03/2023,362.0,0.0,1.373,17.99,,False,362.0,V12B3_C2,12B3,20122.290161200668,20122.290161200668
19/06/2023,218.0,0.0,1.420,25.0,,False,218.0,V12B3_C3,12B3,8720.0,8720.0
20/07/2023,150.0,0.0,,2.2,,False,150.0,V12B3_C4,12B3,68181.81818181818,68181.81818181818
08/04/2024,223.0,0.0,1.563,39.96,,False,223.0,V12B3_C5,12B3,5580.58058058058,5580.58058058058
09/04/2024,29.0,0.0,1.566,40.56,,False,29.0,V12B3_C5,12B3,714.9901380670611,714.9901380670611
12/07/2024,41.0,0.0,,7.37,5563.0,True,41.0,V12B3_C6,12B3,5563.093622795115,5563.0
12/08/2024,400.0,0.0,1.621,12.9,31007.0,True,400.0,V12B3_C6,12B3,31007.751937984496,31007.0
12/07/2024,41.0,0.0,1.614,7.37,,False,41.0,V12B3_C6,12B3,5563.093622795115,5563.093622795115
13/08/2024,13.0,0.0,1.623,12.9,,False,13.0,V12B3_C6,12B3,1007.7519379844961,1007.7519379844961
08/10/2024,277.0,0.0,1.665,16.74,,False,277.0,V12B3_C7,12B3,16547.192353643968,16547.192353643968
06/03/2025,200.0,0.0,1.735,11.44,,False,200.0,V12B3_C8,12B3,17482.517482517484,17482.517482517484
10/01/2023,942.0,0.0,1.342.,17.2,,False,942.0,V12B4_C1,12B4,54767.44186046512,54767.44186046512
06/02/2025,1078.0,0.0,1.727,8.77,122919.0,True,1078.0,V12A_C6,12A,122919.04218928165,122919.0
01/04/2025,13617.0,0.0,1.757,16.2,840555.0,True,13617.0,V12A_C6,12A,840555.5555555556,840555.0
02/04/2025,1170.0,0.0,1.758,11.05,105882.0,True,1170.0,V12A_C6,12A,105882.35294117646,105882.0
31/01/2025,2040.0,0.0,1.724,9.07,,False,2040.0,V12A_C6,12A,224917.3098125689,224917.3098125689
12/07/2024,43.0,0.0,1.614,7.36,,False,43.0,V12B1_C5,12B1,5842.391304347826,5842.391304347826
09/04/2025,51.0,0.0,1.769,12.45,,False,51.0,V12A_C6,12A,4096.385542168675,4096.385542168675
01/06/2025,540.0,0.0,1.799,11.79,46035.0,True,540.0,V12A_C7,12A,45801.52671755725,46035.0
04/06/2025,402.0,0.0,1.801,10.72,37500.0,True,402.0,V12A_C7,12A,37500.0,37500.0
08/06/2025,323.4,0.0,1.803,11.02,29346.0,True,323.4,V12A_C7,12A,29346.642468239566,29346.0
11/06/2025,298.0,0.0,1.804,11.8,25254.0,True,298.0,V12A_C7,12A,25254.23728813559,25254.0
14/06/2025,646.0,0.0,1.809,12.62,51188.0,True,646.0,V12A_C7,12A,51188.589540412046,51188.0
20/10/2022,192.0,0.0,1.286,13.29,,False,192.0,V12B1_C1,12B1,14446.952595936795,14446.952595936795
26/04/2023,317.0,0.0,1.387,17.32,,False,317.0,V12B1_C2,12B1,18302.54041570439,18302.54041570439
27/03/2024,174.0,0.0,1.554,26.8,,False,174.0,V12B1_C4,12B1,6492.537313432836,6492.537313432836
23/10/2022,1683.4,0.0,1.288,11.39,,False,1683.4,V4_C1,4,147796.31255487268,147796.31255487268
11/04/2023,2677.0,0.0,1.381,32.1,,False,2677.0,V4_C2,4,83395.63862928348,83395.63862928348
19/07/2023,13.0,0.0,1.436,16.14,805.0,True,13.0,V4_C3,4,805.45229244114,805.0
20/07/2023,306.5,0.0,1.438,15.81,19386.0,True,306.5,V4_C3,4,19386.464263124602,19386.0
28/07/2023,105.0,0.0,1.446,16.29,6445.0,True,105.0,V4_C3,4,6445.672191528545,6445.0
08/08/2023,105.0,0.0,1.450,17.3,6069.0,True,105.0,V4_C3,4,6069.36416184971,6069.0
08/08/2023,616.0,0.0,1.449,17.3,,False,616.0,V4_C3,4,35606.936416184966,35606.936416184966
23/09/2024,303.0,0.0,1.650,12.31,,False,303.0,V11A_C6,11A,24614.134849715676,24614.134849715676
10/08/2023,75.0,0.0,1.452,13.02,,False,75.0,V4_C3,4,5760.3686635944705,5760.3686635944705
11/08/2023,560.0,0.0,1.453,19.0,,False,560.0,V4_C3,4,29473.684210526317,29473.684210526317
11/08/2023,588.0,0.0,1.454,17.35,,False,588.0,V4_C3,4,33890.48991354467,33890.48991354467
11/08/2023,130.0,0.0,1.455,13.51,,False,130.0,V4_C3,4,9622.501850481125,9622.501850481125
02/12/2023,252.0,0.0,1.512,13.39,18820.0,True,252.0,V4_C4,4,18820.01493651979,18820.0
02/12/2023,154.0,0.0,1.513,13.39,11501.0,True,154.0,V4_C4,4,11501.120238984317,11501.0
13/12/2023,240.0,0.0,1.515,15.75,15238.0,True,240.0,V4_C4,4,15238.095238095239,15238.0
13/12/2023,100.0,0.0,1.516,15.75,6349.0,True,100.0,V4_C4,4,6349.206349206349,6349.0
09/08/2023,738.0,0.0,1.451,18.22,,False,738.0,V4_C3,4,40504.93962678376,40504.93962678376
29/04/2024,302.0,0.0,1.574,10.12,29841.0,True,302.0,V3_C4,3,29841.897233201584,29841.0
30/06/2024,504.0,0.0,,23.88,21105.0,True,504.0,V3_C4,3,21105.527638190957,21105.0
01/07/2024,302.0,0.0,1.612,25.74,11732.0,True,302.0,V3_C4,3,11732.711732711734,11732.0
10/07/2024,86.0,0.0,1.613,24.17,3588.0,True,86.0,V3_C4,3,3558.129913115432,3588.0
19/07/2024,1319.0,0.0,1.616,27.1,,False,1319.0,V3_C4,3,48671.58671586715,48671.58671586715
28/10/2024,428.0,0.0,1.688,12.37,34599.0,True,428.0,V3_C5,3,34599.838318512535,34599.0
21/11/2024,1724.0,0.0,1.699,15.52,,False,1724.0,V3_C5,3,111082.47422680413,111082.47422680413
24/02/2025,501.0,0.0,,16.17,30983.0,True,501.0,V3_C6,3,30983.302411873836,30983.0
13/06/2025,1213.6,0.0,1.807,30.33,,False,1213.6,V3_C7,3,40013.18826244643,40013.18826244643
26/03/2025,168.0,0.0,1.749,21.89,7674.0,True,168.0,V3_C6,3,7674.737322978529,7674.0
11/03/2025,421.0,0.0,1.737,18.25,,False,421.0,V3_C6,3,23068.49315068493,23068.49315068493
08/04/2025,1509.6,0.0,1.763,23.62,,False,1509.6,V3_C6,3,63911.93903471634,63911.93903471634
13/05/2025,200.0,0.0,1.790,18.95,10554.0,True,200.0,V3_C7,3,10554.089709762533,10554.0
15/05/2025,156.0,0.0,1.792,18.92,8245.0,True,156.0,V3_C7,3,8245.243128964059,8245.0
23/05/2025,205.0,0.0,1.795,22.48,9119.0,True,205.0,V3_C7,3,9119.217081850533,9119.0
03/06/2025,96.0,0.0,1.800,30.13,3186.0,True,96.0,V3_C7,3,3186.1931629605047,3186.0
22/01/2025,2678.0,0.0,1.719,15.72,,False,2678.0,V4_C8,4,170356.23409669212,170356.23409669212
24/01/2025,172.0,0.0,,15.91,,False,172.0,V4_C8,4,10810.81081081081,10810.81081081081
15/04/2025,3046.0,0.0,1.781,20.83,,False,3046.0,V4_C9,4,146231.39702352378,146231.39702352378
16/06/2025,518.0,0.0,1.811,10.93,47392.0,True,518.0,V4_C10,4,47392.49771271729,47392.0
12/01/2023,258.0,0.0,1.348,12.69,20.33,True,258.0,V5_C1,5,20330.96926713948,20.33
12/01/2023,224.0,0.0,1,12.69,17.651,True,224.0,V5_C1,5,17651.69424743893,17.651
23/02/2023,150.0,0.0,1.360,18.94,7919.0,True,150.0,V5_C1,5,7919.74656810982,7919.0
23/02/2023,250.0,0.0,1.361,18.94,13199.0,True,250.0,V5_C1,5,13199.577613516367,13199.0
28/02/2023,3291.0,0.0,1.363,16.45,,False,3291.0,V5_C1,5,200060.79027355625,200060.79027355625
21/12/2023,1313.0,0.0,1.520,15.9,,False,1313.0,V4_C4,4,82578.61635220125,82578.61635220125
28/06/2023,498.0,0.0,1.421,19.0,21652.0,True,498.0,V5_C2,5,26210.526315789473,21652.0
30/06/2023,2994.5,0.0,1.424,19.65,152391.0,True,2994.5,V5_C2,5,152391.85750636132,152391.0
23/05/2023,510.0,0.0,1.405,10.11,,False,510.0,V5_C2,5,50445.10385756677,50445.10385756677
04/07/2023,113.0,0.0,1.427,18.42,,False,113.0,V5_C2,5,6134.636264929424,6134.636264929424
04/07/2023,13.0,0.0,1.429,21.12,,False,13.0,V5_C2,5,615.530303030303,615.530303030303
29/10/2023,135.0,0.0,1.494,17.96,7516.0,True,135.0,V5_C3,5,7516.703786191536,7516.0
02/11/2023,1450.0,0.0,1.496,18.47,78505.0,True,1450.0,V5_C3,5,78505.6848944234,78505.0
14/11/2023,1875.0,0.0,1.501,19.55,,False,1875.0,V5_C3,5,95907.9283887468,95907.9283887468
14/11/2023,50.0,0.0,1.502,19.55,,False,50.0,V5_C3,5,2557.544757033248,2557.544757033248
19/03/2024,701.0,0.0,1.548,12.09,54341.0,True,701.0,V4_C5,4,57981.803143093464,54341.0
19/03/2024,60.0,0.0,1.547,12.09,4651.0,True,60.0,V4_C5,4,4962.779156327543,4651.0
23/04/2024,149.0,0.0,1.573,21.07,7071.0,True,149.0,V4_C5,4,7071.665875652587,7071.0
03/05/2024,2511.0,0.0,1.575,24.49,,False,2511.0,V4_C5,4,102531.64556962026,102531.64556962026
02/07/2024,504.0,0.0,,1.6,,False,504.0,V4_C6,4,315000.0,315000.0
03/07/2024,304.0,0.0,,1.6,,False,304.0,V4_C6,4,190000.0,190000.0
25/09/2024,300.0,0.0,1.654,14.71,20394.0,True,300.0,V4_C6,4,20394.289598912303,20394.0
26/09/2024,206.0,0.0,1.655,14.33,14375.0,True,206.0,V4_C6,4,14375.436147941382,14375.0
27/09/2024,300.0,0.0,1.656,14.89,20147.0,True,300.0,V4_C6,4,20147.750167897917,20147.0
27/09/2024,266.0,0.0,1.657,14.89,17864.0,True,266.0,V4_C6,4,17864.33848220282,17864.0
03/12/2024,1353.5,0.0,1.703,13.96,,False,1353.5,V4_C7,4,96955.58739255014,96955.58739255014
30/09/2024,785.0,0.0,1.658,15.05,,False,785.0,V4_C6,4,52159.468438538206,52159.468438538206
30/09/2024,420.0,0.0,,15.05,,False,420.0,V4_C6,4,27906.976744186046,27906.976744186046
21/11/2024,303.0,0.0,,13.88,21829.0,True,303.0,V4_C7,4,21829.971181556193,21829.0
27/11/2024,178.0,0.0,1.701,14.41,12352.0,True,178.0,V4_C7,4,12352.532963219986,12352.0
28/11/2024,228.0,0.0,1.702,14.16,16101.0,True,228.0,V4_C7,4,16101.694915254237,16101.0
18/09/2023,321.0,0.0,1.471,23.02,13944.0,True,321.0,V1_C3,1,13944.396177237186,13944.0
28/09/2023,88.0,0.0,1.480,23.76,3703.0,True,88.0,V1_C3,1,3703.7037037037035,3703.0
28/07/2023,170.0,0.0,1.446,11.75,,False,170.0,V1_C3,1,14468.08510638298,14468.08510638298
22/08/2023,1008.0,0.0,1.457,17.19,,False,1008.0,V1_C3,1,58638.74345549738,58638.74345549738
30/08/2023,200.0,0.0,1.461,19.51,,False,200.0,V1_C3,1,10251.153254741157,10251.153254741157
23/04/2025,2448.0,0.0,1.784,21.0,,False,2448.0,V14_C7,14,116571.42857142857,116571.42857142857
18/09/2023,700.0,0.0,1.470,22.67,,False,700.0,V1_C3,1,30877.81208645787,30877.81208645787
29/09/2023,246.0,0.0,1.483,24.07,,False,246.0,V1_C3,1,10220.191109264644,10220.191109264644
28/12/2023,2374.0,0.0,1.522,15.3,,False,2374.0,V3_C3,3,155163.39869281044,155163.39869281044
30/01/2024,200.0,0.0,1.532,13.69,14609.0,True,200.0,V1_C4,1,14609.203798392988,14609.0
13/03/2024,124.0,0.0,1.546,20.58,6025.0,True,124.0,V1_C4,1,6025.267249757047,6025.0
27/03/2024,1960.0,0.0,1.555,24.18,81058.0,True,1960.0,V1_C4,1,81058.72622001654,81058.0
27/03/2024,170.0,0.0,1.556,24.65,6896.0,True,170.0,V1_C4,1,6896.551724137931,6896.0
27/03/2024,100.0,0.0,1.557,24.65,4056.0,True,100.0,V1_C4,1,4056.795131845842,4056.0
05/04/2024,493.0,0.0,1.560,26.33,18723.0,True,493.0,V1_C4,1,18723.889099886062,18723.0
08/09/2024,260.0,0.0,.1.579,33.29,7810.0,True,260.0,V1_C4,1,7810.153199158907,7810.0
09/01/2024,477.0,0.0,1.525,11.17,,False,477.0,V1_C4,1,42703.67054610564,42703.67054610564
24/10/2022,100.0,0.0,1.290,15.49,,False,100.0,V1_C1,1,6455.777921239509,6455.777921239509
28/10/2022,616.0,0.0,1.293,15.7,,False,616.0,V1_C1,1,39235.66878980892,39235.66878980892
28/10/2022,232.0,0.0,1.292,15.7,,False,232.0,V1_C1,1,14777.070063694267,14777.070063694267
10/02/2023,155.0,0.0,1.355.,17.79,,False,155.0,V1_C2,1,8712.759977515458,8712.759977515458
04/05/2023,50.0,0.0,1.464,20.29,,False,50.0,V1_C3,1,2464.268112370626,2464.268112370626
09/08/2023,1184.0,0.0,1.451,13.34,,False,1184.0,V14_C2,14,88755.62218890555,88755.62218890555
11/04/2023,2216.0,0.0,1.381,30.28,73183.0,True,2216.0,V1_C2,1,73183.61955085865,73183.0
17/04/2023,500.0,0.0,1.384,32.43,15417.0,True,500.0,V1_C2,1,15417.82300339192,15417.0
27/04/2023,306.0,0.0,1.388,36.66,8346.0,True,306.0,V1_C2,1,8346.972176759411,8346.0
04/05/2023,500.0,0.0,1.399,36.47,,False,500.0,V1_C2,1,13709.898546750754,13709.898546750754
05/05/2023,341.0,0.0,1.400,36.47,,False,341.0,V1_C2,1,9350.150808884015,9350.150808884015
20/01/2025,95.0,0.0,1.722,18.73,5072.0,True,95.0,V1_C6,1,5072.0768820074745,5072.0
27/01/2025,504.0,0.0,,18.96,26582.0,True,504.0,V1_C6,1,26582.278481012658,26582.0
11/02/2025,504.0,0.0,,21.58,,False,504.0,V1_C6,1,23354.958294717333,23354.958294717333
11/02/2025,460.0,0.0,1.729,21.58,,False,460.0,V1_C6,1,21316.033364226136,21316.033364226136
09/04/2025,64.0,0.0,1.771,14.91,4292.0,True,64.0,V1_C7,1,4292.421193829645,4292.0
09/04/2025,1206.0,0.0,1.768,14.91,80885.0,True,1206.0,V1_C7,1,80885.31187122736,80885.0
25/04/2025,4199.0,0.0,1.784,18.0,,False,4199.0,V1_C7,1,233277.77777777778,233277.77777777778
26/04/2025,127.0,0.0,1.785,15.34,,False,127.0,V1_C7,1,8279.009126466754,8279.009126466754
01/06/2025,480.0,0.0,1.799,18.06,26578.0,True,480.0,V1_C8,1,26578.073089701,26578.0
03/06/2025,222.0,0.0,1.800,18.92,11733.0,True,222.0,V1_C8,1,11733.615221987315,11733.0
12/06/2025,204.0,0.0,1.805,22.23,9176.0,True,204.0,V1_C8,1,9176.788124156545,9176.0
19/12/2022,402.0,0.0,1.309,10.61,37888.0,True,402.0,V3_C1,3,37888.78416588125,37888.0
26/01/2023,6.0,0.0,,,,False,6.0,V3_C1,3,,
19/12/2022,402.0,0.0,1.309.,10.61,,False,402.0,V3_C1,3,37888.78416588125,37888.78416588125
02/02/2023,2276.0,0.0,1.352.,18.55,,False,2276.0,V3_C1,3,122695.41778975741,122695.41778975741
28/04/2023,262.0,0.0,1.393,11.94,21943.0,True,262.0,V3_C2,3,21943.048576214405,21943.0
22/07/2023,30.0,0.0,1.442,30.35,988.0,True,30.0,V3_C2,3,988.4678747940692,988.0
22/08/2023,600.0,0.0,1.458,32.58,18416.0,True,600.0,V3_C2,3,18416.20626151013,18416.0
23/08/2023,511.0,0.0,1.459,35.27,,False,511.0,V3_C2,3,14488.233626311312,14488.233626311312
16/06/2025,403.0,0.0,1.811,24.9,16184.0,True,403.0,V1_C8,1,16184.738955823294,16184.0
09/05/2024,280.0,0.0,1.580,33.25,,False,280.0,V1_C4,1,8421.052631578947,8421.052631578947
09/05/2024,749.0,0.0,1.581,33.25,,False,749.0,V1_C4,1,22526.315789473683,22526.315789473683
12/07/2024,151.0,0.0,,7.37,20488.0,True,151.0,V1_C5,1,20488.466757123475,20488.0
21/07/2024,522.0,0.0,1.617,9.64,53869.0,True,522.0,V1_C5,1,54149.377593360994,53869.0
29/07/2024,377.8,0.0,1.618,13.24,28534.0,True,377.8,V1_C5,1,28534.743202416917,28534.0
07/08/2024,207.0,0.0,1.619,17.1,12105.0,True,207.0,V1_C5,1,12105.263157894737,12105.0
13/08/2024,324.0,0.0,1.623,18.79,17243.0,True,324.0,V1_C5,1,17243.214475784993,17243.0
27/12/2024,264.0,0.0,1.717,10.2,25882.0,True,264.0,V1_C6,1,25882.352941176472,25882.0
20/08/2024,196.0,0.0,1.629,20.89,,False,196.0,V1_C5,1,9382.479655337482,9382.479655337482
20/08/2024,507.0,0.0,1.630,21.0,,False,507.0,V1_C5,1,24142.85714285714,24142.85714285714
20/08/2024,2084.0,0.0,1.632,20.05,,False,2084.0,V1_C5,1,103940.14962593516,103940.14962593516
22/08/2024,672.0,0.0,1.634,17.7,,False,672.0,V1_C5,1,37966.101694915254,37966.101694915254
22/08/2024,17.0,0.0,1.637,20.05,,False,17.0,V1_C5,1,847.8802992518703,847.8802992518703
26/12/2024,442.0,0.0,1.715,10.46,42256.0,True,442.0,V1_C6,1,42256.214149139574,42256.0
26/12/2024,257.0,0.0,1.716,10.46,24569.0,True,257.0,V1_C6,1,24569.789674952197,24569.0
21/02/2024,728.0,0.0,1.538,16.18,,False,728.0,V10_C3,10,44993.8195302843,44993.8195302843
08/05/2024,504.0,0.0,1.579,18.63,27053.0,True,504.0,V10_C4,10,27053.140096618357,27053.0
01/06/2024,679.0,0.0,1.597,25.63,,False,679.0,V10_C4,10,26492.391728443232,26492.391728443232
25/09/2024,300.0,0.0,1.651,13.95,,False,300.0,V10_C5,10,21505.376344086024,21505.376344086024
25/09/2024,300.0,0.0,1.652,13.95,,False,300.0,V10_C5,10,21505.376344086024,21505.376344086024
25/09/2024,189.0,0.0,1.654,13.95,,False,189.0,V10_C5,10,13548.387096774195,13548.387096774195
01/11/2024,156.0,0.0,1.693,12.66,,False,156.0,V10_C6,10,12322.274881516587,12322.274881516587
01/11/2024,250.0,0.0,1.694,12.66,,False,250.0,V10_C6,10,19747.235387045814,19747.235387045814
23/01/2025,626.0,0.0,1.720,18.2,,False,626.0,V10_C7,10,34395.604395604394,34395.604395604394
14/04/2025,150.0,0.0,1.779,9.62,15592.0,True,150.0,V10_C8,10,15592.515592515594,15592.0
14/04/2025,303.0,0.0,1.780,9.62,31496.0,True,303.0,V10_C8,10,31496.8814968815,31496.0
,350.0,0.0,,,,False,350.0,V5_C4,5,,
25/04/2025,782.0,0.0,1.784,13.44,,False,782.0,V10_C8,10,58184.52380952381,58184.52380952381
04/12/2022,724.0,0.0,1.304,10.68,67790.0,True,724.0,V11A_C1,11A,67790.26217228465,67790.0
27/12/2022,602.0,0.0,1.323.,15.13,39788.0,True,602.0,V11A_C1,11A,39788.499669530735,39788.0
27/12/2022,40.0,0.0,1.329.,13.91,2875.0,True,40.0,V11A_C1,11A,2875.629043853343,2875.0
05/01/2023,19.0,0.0,1.339.,20.47,,False,19.0,V11A_C1,11A,928.1875915974598,928.1875915974598
29/03/2023,164.0,0.0,1.375,10.55,15545.0,True,164.0,V11A_C2,11A,15545.023696682463,15545.0
31/03/2023,153.0,0.0,1.377,11.64,13144.0,True,153.0,V11A_C2,11A,13144.329896907217,13144.0
31/05/2023,308.0,0.0,1.411,22.43,13731.0,True,308.0,V11A_C2,11A,13731.609451627284,13731.0
31/05/2023,106.0,0.0,1.409,22.43,4725.0,True,106.0,V11A_C2,11A,4725.813642443157,4725.0
05/03/2023,207.0,0.0,1.366,11.05,18733.0,True,207.0,V9_C2,9,18733.031674208145,18733.0
26/04/2023,1239.0,0.0,1.387,20.85,,False,1239.0,V9_C2,9,59424.460431654676,59424.460431654676
04/09/2023,103.0,0.0,1.464,14.18,7263.0,True,103.0,V9_C3,9,7263.7517630465445,7263.0
20/09/2023,560.0,0.0,1.473,17.17,,False,560.0,V9_C3,9,32615.0262085032,32615.0262085032
20/09/2023,542.0,0.0,1.475,17.17,,False,542.0,V9_C3,9,31566.68608037274,31566.68608037274
21/03/2024,490.0,0.0,,3.5,,False,490.0,V9_C6,9,140000.0,140000.0
09/06/2024,1079.5,0.0,1.600,10.53,,False,1079.5,V9_C7,9,102516.61918328586,102516.61918328586
01/10/2024,459.0,0.0,1.659,12.39,,False,459.0,V9_C8,9,37046.00484261501,37046.00484261501
10/02/2023,201.0,0.0,1.355.,11.43,17585.0,True,201.0,V10_C1,10,17585.30183727034,17585.0
30/01/2024,42.0,0.0,1.533,10.78,,False,42.0,V10_C3,10,3896.103896103896,3896.103896103896
10/04/2023,700.0,0.0,1.380,21.29,,False,700.0,V10_C1,10,32879.286049788636,32879.286049788636
11/04/2023,425.0,0.0,1.383,21.29,,False,425.0,V10_C1,10,19962.423673085956,19962.423673085956
19/07/2023,152.0,0.0,1.436,10.62,14312.0,True,152.0,V10_C2,10,14312.617702448211,14312.0
28/07/2023,145.0,0.0,1.447,11.59,12510.0,True,145.0,V10_C2,10,12510.785159620362,12510.0
12/09/2023,504.0,0.0,1.466,17.07,,False,504.0,V10_C2,10,29525.48330404218,29525.48330404218
12/09/2023,738.0,0.0,1.467,17.07,,False,738.0,V10_C2,10,43233.74340949034,43233.74340949034
09/01/2024,186.0,0.0,1.525,7.56,24603.0,True,186.0,V10_C3,10,24603.174603174604,24603.0
30/01/2024,500.0,0.0,1.532,10.78,46382.0,True,500.0,V10_C3,10,46382.189239332096,46382.0
10/06/2024,606.0,0.0,1.601,11.84,,False,606.0,V11A_C5,11A,51182.43243243243,51182.43243243243
18/06/2024,746.0,0.0,1.606,14.28,,False,746.0,V11A_C5,11A,52240.89635854342,52240.89635854342
19/02/2024,72.0,0.0,1.607,14.54,,False,72.0,V11A_C5,11A,4951.856946354884,4951.856946354884
20/06/2024,714.0,0.0,1.608,13.17,,False,714.0,V11A_C5,11A,54214.12300683371,54214.12300683371
09/10/2024,448.0,0.0,1.667,17.78,25196.0,True,448.0,V11A_C6,11A,25196.850393700784,25196.0
09/10/2024,498.0,0.0,1.669,17.78,28008.0,True,498.0,V11A_C6,11A,28008.998875140605,28008.0
16/10/2024,480.0,0.0,1.673,20.35,,False,480.0,V11A_C6,11A,23587.223587223587,23587.223587223587
16/10/2024,138.0,0.0,1.674,20.35,,False,138.0,V11A_C6,11A,6781.326781326781,6781.326781326781
27/01/2025,376.0,0.0,1.722,9.55,39371.0,True,376.0,V11A_C7,11A,39371.7277486911,39371.0
01/06/2023,297.0,0.0,1.412,22.42,13247.0,True,297.0,V11A_C2,11A,13247.100802854593,13247.0
12/03/2025,2428.0,0.0,1.738,15.81,,False,2428.0,V11A_C7,11A,153573.68753953194,153573.68753953194
13/03/2025,269.0,0.0,1.739,14.63,,False,269.0,V11A_C7,11A,18386.876281613124,18386.876281613124
04/12/2022,100.0,0.0,1.305,12.25,8163.0,True,100.0,V11B_C1,11B,8163.265306122449,8163.0
04/12/2022,694.0,0.0,1.304,12.25,56653.0,True,694.0,V11B_C1,11B,56653.06122448979,56653.0
06/01/2023,614.0,0.0,1.340.,12.47,,False,614.0,V11B_C1,11B,49238.171611868485,49238.171611868485
07/06/2023,202.0,0.0,1.414,21.95,9202.0,True,202.0,V11A_C2,11A,9202.733485193623,9202.0
30/08/2023,604.0,0.0,1.460,14.35,42090.0,True,604.0,V11A_C3,11A,42090.59233449477,42090.0
18/09/2023,224.0,0.0,1.470,18.3,12240.0,True,224.0,V11A_C3,11A,12240.437158469946,12240.0
27/09/2023,1595.0,0.0,1.478,19.11,,False,1595.0,V11A_C3,11A,83464.15489272632,83464.15489272632
21/02/2024,557.0,0.0,1.538,12.79,43549.0,True,557.0,V11A_C4,11A,43549.648162627054,43549.0
07/03/2024,154.0,0.0,1.543,15.16,10158.0,True,154.0,V11A_C4,11A,10158.311345646438,10158.0
13/03/2024,118.0,0.0,1.546,17.19,6864.0,True,118.0,V11A_C4,11A,6864.456079115765,6864.0
25/03/2024,450.0,0.0,1.551,19.19,23449.0,True,450.0,V11A_C4,11A,23449.71339239187,23449.0
21/02/2024,102.0,0.0,1.539,12.79,,False,102.0,V11A_C4,11A,7974.980453479281,7974.980453479281
05/04/2024,325.0,0.0,1.559,22.0,,False,325.0,V11A_C4,11A,14772.727272727272,14772.727272727272
09/03/2023,160.0,0.0,1.369,10.7,,False,160.0,V6_C2,6,14953.271028037385,14953.271028037385
05/04/2023,153.0,0.0,1.378,16.43,,False,153.0,V6_C2,6,9312.23371880706,9312.23371880706
18/04/2023,910.0,0.0,1.385,18.24,,False,910.0,V6_C2,6,49890.350877192985,49890.350877192985
18/04/2023,363.0,0.0,1.386,18.24,,False,363.0,V6_C2,6,19901.315789473687,19901.315789473687
10/08/2023,162.0,0.0,1.452,15.12,10714.0,True,162.0,V6_C3,6,10714.285714285716,10714.0
30/08/2023,1349.0,0.0,1.460,17.72,,False,1349.0,V6_C3,6,76128.66817155757,76128.66817155757
28/12/2023,1008.0,0.0,1.522,16.18,,False,1008.0,V6_C4,6,62299.1347342398,62299.1347342398
28/12/2023,226.0,0.0,1.523,16.18,,False,226.0,V6_C4,6,13967.861557478369,13967.861557478369
09/02/2024,266.0,0.0,,,,False,266.0,V6_C5,6,,
23/04/2024,314.0,0.0,1.573,9.64,32573.0,True,314.0,V6_C5,6,32572.614107883815,32573.0
13/05/2024,633.0,0.0,1.582,14.0,45214.0,True,633.0,V6_C5,6,45214.28571428572,45214.0
17/11/2022,60.0,0.0,1.298,16.47,,False,60.0,V9_C1,9,3642.987249544627,3642.987249544627
30/05/2024,438.0,0.0,1.595,23.29,,False,438.0,V6_C5,6,18806.354658651784,18806.354658651784
19/08/2024,370.0,0.0,1.626,10.82,34195.0,True,370.0,V6_C6,6,34195.93345656192,34195.0
09/09/2024,688.0,0.0,1.643,12.87,,False,688.0,V6_C6,6,53457.65345765346,53457.65345765346
10/01/2025,881.0,0.0,1.718,9.7,,False,881.0,V6_C7,6,90824.74226804124,90824.74226804124
13/12/2022,504.0,0.0,1.307.,15.9,31698.0,True,504.0,V7_C1,7,31698.11320754717,31698.0
13/12/2022,87.0,0.0,1.308.,15.9,5471.0,True,87.0,V7_C1,7,5471.698113207547,5471.0
26/12/2022,685.0,0.0,1.322,20.0,,False,685.0,V7_C1,7,34250.0,34250.0
27/04/2023,402.0,0.0,1.391,15.56,25835.0,True,402.0,V7_C2,7,25835.475578406167,25835.0
23/05/2023,202.0,0.0,1.405,23.02,8774.0,True,202.0,V7_C2,7,8774.978279756733,8774.0
06/04/2024,500.0,0.0,1.561,10.27,48685.0,True,500.0,V5_C4,5,48685.49172346641,48685.0
21/04/2024,324.0,0.0,1.571,9.19,35255.0,True,324.0,V5_C4,5,35255.7127312296,35255.0
20/05/2024,252.0,0.0,15.86,11.95,,False,252.0,V5_C4,5,21087.866108786613,21087.866108786613
22/05/2024,2291.5,0.0,1.587,12.85,,False,2291.5,V5_C4,5,178326.84824902724,178326.84824902724
07/08/2024,420.0,0.0,1.620,14.44,29085.0,True,420.0,V5_C5,5,29085.872576177288,29085.0
22/08/2024,486.0,0.0,1.637,20.66,23523.0,True,486.0,V5_C5,5,23523.717328170376,23523.0
31/08/2024,1395.0,0.0,1.641,23.91,,False,1395.0,V5_C5,5,58343.78920953576,58343.78920953576
10/12/2024,507.0,0.0,1.704,11.53,43972.0,True,507.0,V5_C6,5,43972.24631396357,43972.0
17/12/2024,720.0,0.0,1.710,12.62,57052.0,True,720.0,V5_C6,5,57052.29793977813,57052.0
23/02/2023,54.0,0.0,1.361,9.39,,False,54.0,V6_C2,6,5750.7987220447285,5750.7987220447285
18/12/2024,1039.0,0.0,1.711,8.77,,False,1039.0,V5_C6,5,118472.0638540479,118472.0638540479
19/12/2024,295.0,0.0,1.712,6.0,,False,295.0,V5_C6,5,49166.666666666664,49166.666666666664
05/04/2025,3145.0,0.0,1.759,8.81,,False,3145.0,V5_C7,5,356980.70374574343,356980.70374574343
26/05/2025,455.7,0.0,1.796,16.73,,False,455.7,V5_C8,5,27238.493723849373,27238.493723849373
26/05/2025,305.0,0.0,,16.61,,False,305.0,V5_C8,5,18362.43226971704,18362.43226971704
28/05/2025,216.0,0.0,1.797,17.56,,False,216.0,V5_C8,5,12300.683371298406,12300.683371298406
30/05/2025,1615.0,0.0,1.798,17.0,,False,1615.0,V5_C8,5,95000.0,95000.0
11/11/2022,934.0,0.0,1.296,15.6,,False,934.0,V6_C1,6,59871.794871794875,59871.794871794875
31/05/2023,420.0,0.0,1.411,19.28,,False,420.0,V8_C2,8,21784.232365145228,21784.232365145228
03/07/2023,354.0,0.0,1.426,27.18,,False,354.0,V8_C2,8,13024.282560706402,13024.282560706402
28/07/2023,378.0,0.0,1.444,31.99,,False,378.0,V8_C2,8,11816.192560175055,11816.192560175055
04/08/2023,840.0,0.0,1.448,33.01,,False,840.0,V8_C2,8,25446.834292638596,25446.834292638596
02/01/2024,6.0,0.0,,24.0,250.0,False,6.0,V8_C3,8,250.0,250.0
19/03/2024,303.0,0.0,1.548,13.25,22867.0,True,303.0,V8_C4,8,22867.924528301886,22867.0
27/03/2024,34.0,0.0,1.557,13.51,2516.0,True,34.0,V8_C4,8,2516.6543301258325,2516.0
03/05/2024,1464.0,0.0,1.575,22.45,,False,1464.0,V8_C4,8,65211.58129175947,65211.58129175947
13/09/2024,64.0,0.0,1.645,13.69,4674.0,True,64.0,V8_C5,8,4674.945215485756,4674.0
19/09/2024,442.0,0.0,1.647,14.94,,False,442.0,V8_C5,8,29585.006693440428,29585.006693440428
26/02/2025,514.5,0.0,1.732,15.52,,False,514.5,V8_C7,8,33150.77319587629,33150.77319587629
26/02/2025,338.0,0.0,1.733,15.52,,False,338.0,V8_C7,8,21778.350515463917,21778.350515463917
26/02/2025,150.0,0.0,1.734,15.52,,False,150.0,V8_C7,8,9664.948453608247,9664.948453608247
14/04/2025,100.0,0.0,1.779,19.33,,False,100.0,V8_C8,8,5173.3057423693745,5173.3057423693745
14/04/2025,294.0,0.0,1.780,19.33,,False,294.0,V8_C8,8,15209.51888256596,15209.51888256596
16/04/2025,130.0,0.0,1.783,19.74,,False,130.0,V8_C8,8,6585.612968591692,6585.612968591692
16/04/2025,294.0,0.0,1.782,19.74,,False,294.0,V8_C8,8,14893.617021276597,14893.617021276597
20/04/2025,672.0,0.0,,20.91,,False,672.0,V8_C8,8,32137.7331420373,32137.7331420373
17/11/2022,42.0,0.0,1.297,8.05,,False,42.0,V9_C1,9,5217.391304347826,5217.391304347826
28/08/2024,384.0,0.0,1.638,10.45,36746.0,True,384.0,V8_C5,8,36746.41148325359,36746.0
29/06/2023,1190.0,0.0,1.423,31.22,,False,1190.0,V7_C2,7,38116.591928251124,38116.591928251124
24/10/2023,1236.0,0.0,1.489,19.31,,False,1236.0,V7_C3,7,64008.28586224755,64008.28586224755
04/01/2024,305.0,0.0,1.524,12.79,23847.0,True,305.0,V7_C4,7,23846.755277560595,23847.0
11/06/2024,300.0,0.0,1.602,20.35,,False,300.0,V7_C5,7,14742.01474201474,14742.01474201474
11/06/2024,415.0,0.0,1.603,20.35,,False,415.0,V7_C5,7,20393.120393120393,20393.120393120393
11/06/2024,462.0,0.0,1.604,20.35,,False,462.0,V7_C5,7,22702.7027027027,22702.7027027027
11/06/2024,123.0,0.0,1.605,20.35,,False,123.0,V7_C5,7,6044.226044226044,6044.226044226044
28/08/2024,924.0,0.0,1.638,12.07,,False,924.0,V7_C6,7,76553.43827671914,76553.43827671914
23/12/2024,508.0,0.0,1.714,10.5,,False,508.0,V7_C7,7,48380.95238095238,48380.95238095238
26/12/2024,460.0,0.0,1.715,9.62,,False,460.0,V7_C7,7,47817.04781704782,47817.04781704782
31/05/2023,89.0,0.0,1.410,19.28,,False,89.0,V8_C2,8,4616.182572614108,4616.182572614108
19/03/2025,200.0,0.0,1.741,17.32,11547.0,True,200.0,V7_C8,7,11547.344110854503,11547.0
19/03/2025,280.0,0.0,1.742,17.32,16166.0,True,280.0,V7_C8,7,16166.281755196305,16166.0
19/03/2025,632.1,0.0,1.740,17.32,,False,632.1,V7_C8,7,36495.38106235566,36495.38106235566
22/05/2025,1315.0,0.0,1.794,15.07,,False,1315.0,V7_C9,7,87259.45587259455,87259.45587259455
11/01/2023,1400.0,0.0,1.343.,16.55,,False,1400.0,V8_C1,8,84592.14501510574,84592.14501510574
11/01/2023,100.0,0.0,1.344.,16.55,,False,100.0,V8_C1,8,6042.296072507553,6042.296072507553
03/04/2023,0.0,441.525,,25.0,17660.0,False,441.525,V1_C2,1,17661.0,17660.0
,0.0,76.0,,10.55,7203.0,False,76.0,V11B_C2,11B,7203.791469194312,7203.0
04/04/2023,0.0,53.0,,28.0,1892.0,False,53.0,V1_C2,1,1892.857142857143,1892.0
,0.0,34.415,,15.0,2293.0,False,34.415,V11A_C1,11A,2294.3333333333335,2293.0
20/05/2023,0.0,19.0,,,863.0,False,19.0,V12A_C2,12A,,863.0
,0.0,1.0,,,43.0,False,1.0,V12A_C2,12A,,43.0
