ID_CULTIVO,N_EVENTOS_DESPESCA,KG_DESPESCADO,KG_VENDIDO,KG_DOADO,ANIMAIS_DESPESCADOS,PESO_MEDIO_DESPESCA,N_DESBASTES,VIVEIRO,QUANTIDADE_PL,TAMANHO_AREA,SOBREVIVENCIA,PRODUTIVIDADE_KG_HA,SOBREVIVENCIA_VALIDA
V10_C1,5,1875.5,1844.0,31.5,100509.7097228746,21.29,3,10,205000.0,1.0,0.4902912669408517,1875.5,True
V10_C2,4,1539.0,1539.0,0.0,99581.22671353252,17.07,2,10,195000.0,1.0,0.510672957505295,1539.0,True
V10_C3,4,1456.0,1456.0,0.0,119874.9234263882,10.78,2,10,200000.0,1.0,0.599374617131941,1456.0,True
V10_C4,2,1183.0,1183.0,0.0,53545.39172844323,25.63,1,10,140000.0,1.0,0.38246708377459454,1183.0,True
V10_C5,4,969.0,961.0,8.0,73350.13978494624,13.95,1,10,180000.0,1.0,0.40750077658303463,969.0,True
V10_C6,2,406.0,406.0,0.0,32069.5102685624,12.66,0,10,95000.0,1.0,0.33757379230065687,406.0,True
V10_C7,1,626.0,626.0,0.0,34395.604395604394,18.2,0,10,80000.0,1.0,0.4299450549450549,626.0,True
V10_C8,3,1235.0,1235.0,0.0,105272.52380952382,13.44,2,10,160000.0,1.0,0.6579532738095238,1235.0,True
V11A_C1,6,2030.415,1917.0,113.41499999999999,157599.18759159747,15.0,4,11A,270000.0,3.13,0.5837006947836944,648.6948881789137,True
V11A_C2,7,2325.0,2284.0,41.0,118521.61394101876,21.95,6,11A,215000.0,3.13,0.5512633206559012,742.8115015974441,True
V11A_C3,3,2423.0,2423.0,0.0,137794.15489272634,19.11,2,11A,330000.0,3.13,0.41755804512947375,774.1214057507988,True
V11A_C4,7,3178.0,3176.0,2.0,183473.70772620654,22.0,5,11A,750000.0,3.13,0.24463161030160874,1015.3354632587859,True
V11A_C5,4,2138.0,2138.0,0.0,162589.30874416445,13.17,0,11A,250000.0,3.13,0.6503572349766578,683.0670926517572,True
V11A_C6,5,1867.0,1867.0,0.0,108186.68521826604,20.35,2,11A,280000.0,3.13,0.3863810186366644,596.4856230031949,True
V11A_C7,3,3073.0,3073.0,0.0,211331.56382114507,14.63,1,11A,280000.0,3.13,0.7547555850755181,981.7891373801917,True
V11B_C1,4,3202.0,3172.0,30.0,252159.17161186849,12.47,3,11B,400000.0,4.95,0.6303979290296712,646.8686868686868,True
V11B_C2,13,4609.0,4517.0,92.0,238362.7663577245,10.55,0,11B,390000.0,4.95,0.6111865804044218,931.1111111111111,True
V11B_C3,3,3863.0,3863.0,0.0,223388.63841717364,17.29,0,11B,465000.0,4.95,0.48040567401542716,780.4040404040404,True
V11B_C4,7,3673.0,3649.0,24.0,198186.68125266736,19.19,4,11B,318000.0,4.95,0.6232285573983251,742.020202020202,True
V11B_C5,5,2128.0,2126.0,2.0,91195.4891429359,22.5,1,11B,560000.0,4.95,0.16284908775524268,429.8989898989899,True
V11B_C6,4,1832.0,1832.0,0.0,100935.11814484786,20.46,1,11B,500000.0,4.95,0.20187023628969572,370.1010101010101,True
V11B_C7,3,2759.5,2759.5,0.0,243034.39958162894,10.44,0,11B,430000.0,4.95,0.5651962780968115,557.4747474747475,True
V11B_C8,9,4139.0,4139.0,0.0,320653.38001629914,16.14,4,11B,450000.0,4.95,0.7125630667028869,836.1616161616162,True
V11B_C9,2,856.7,856.7,0.0,67402.0,12.71,2,11B,370000.0,4.95,0.18216756756756758,173.07070707070707,True
V11C_C1,3,2526.0,2526.0,0.0,134644.54881266493,22.74,2,11C,240000.0,2.98,0.5610189533861039,847.6510067114094,True
V11C_C10,2,436.0,436.0,0.0,24848.0,16.8,2,11C,200000.0,2.98,0.12424,146.30872483221478,True
V11C_C2,3,2054.0,2043.0,11.0,119461.14046903187,16.63,1,11C,270000.0,2.98,0.44244866840382174,689.261744966443,True
V11C_C3,2,163.0,163.0,0.0,27306.323499071594,5.92,0,11C,277600.0,2.98,0.09836571865659796,54.69798657718121,True
V11C_C4,1,2576.0,2576.0,0.0,187892.04959883296,13.71,0,11C,250000.0,2.98,0.7515681983953318,864.4295302013422,True
V11C_C5,4,1748.0,1748.0,0.0,104768.60878885316,18.66,3,11C,260000.0,2.98,0.40295618764943525,586.5771812080537,True
V11C_C7,9,2306.5,2286.0,20.5,172978.4250681199,14.68,8,11C,220000.0,2.98,0.786265568491454,773.993288590604,True
V11C_C8,6,2364.5,2364.5,0.0,114813.25027536899,21.71,1,11C,250000.0,2.98,0.459253001101476,793.4563758389262,True
V12A_C1,17,17239.5,16537.5,702.0,1214881.6405885678,17.89,2,12A,1225000.0,22.61,0.9917401147661778,762.4723573639983,True
V12A_C2,14,16350.0,16299.0,51.0,687816.806592233,24.64,11,12A,1390000.0,22.61,0.49483223495844103,723.1313578062804,True
V12A_C3,10,17563.0,17542.0,21.0,1198824.4849208733,16.11,4,12A,1400000.0,22.61,0.8563032035149095,776.780185758514,True
V12A_C4,12,19053.5,19033.5,20.0,1083788.0,21.34,10,12A,1450000.0,22.61,0.74744,842.702344095533,True
V12A_C5,31,11614.0,11519.0,95.0,871992.5220179877,17.12,13,12A,1500000.0,22.61,0.5813283480119917,513.6665192392746,True
V12A_C6,6,19999.0,19996.0,3.0,1523617.6953547376,12.45,4,12A,1500000.0,22.61,1.0157451302364917,884.5201238390093,False
V12A_C7,5,2209.4,2209.4,0.0,189323.0,12.62,5,12A,1100000.0,22.61,0.17211181818181817,97.71782397169395,True
V12B1_C1,1,192.0,192.0,0.0,14446.952595936795,13.29,0,12B1,30500.0,0.243,0.4736705769159605,790.1234567901234,True
V12B1_C2,2,382.0,376.0,6.0,23603.54041570439,17.32,0,12B1,30000.0,0.243,0.7867846805234796,1572.0164609053497,True
V12B1_C4,1,174.0,174.0,0.0,6492.537313432836,26.8,0,12B1,55000.0,0.243,0.1180461329715061,716.0493827160494,True
V12B1_C5,3,284.5,284.5,0.0,24610.776671283584,7.36,0,12B1,25000.0,0.243,0.9844310668513433,1170.7818930041153,True
V12B1_C6,2,188.0,172.0,16.0,8319.258663987945,19.91,0,12B1,24000.0,0.243,0.3466357776661644,773.6625514403293,True
V12B2_C1,1,70.0,70.0,0.0,7700.770077007701,9.09,0,12B2,7000.0,0.122,1.1001100110011002,573.7704918032787,False
V12B2_C2,1,80.0,80.0,0.0,5006.2578222778475,15.98,0,12B2,8000.0,0.122,0.6257822277847309,655.7377049180328,True
V12B2_C4,1,112.0,112.0,0.0,10000.0,11.2,0,12B2,13500.0,0.122,0.7407407407407407,918.032786885246,True
V12B2_C5,1,46.0,46.0,0.0,3357.6642335766423,13.7,0,12B2,10000.0,0.122,0.3357664233576642,377.04918032786884,True
V12B2_C6,1,74.0,74.0,0.0,3758.252920264093,19.69,0,12B2,20000.0,0.122,0.18791264601320465,606.5573770491803,True
V12B2_C7,1,52.0,52.0,0.0,1625.0,32.0,0,12B2,10000.0,0.122,0.1625,426.2295081967213,True
V12B2_C8,2,145.0,145.0,0.0,5837.359098228663,24.84,0,12B2,10500.0,0.122,0.5559389617360632,1188.5245901639344,True
V12B3_C1,1,211.0,211.0,0.0,13430.935709739018,15.71,0,12B3,49500.0,0.357,0.2713320345401822,591.0364145658264,True
V12B3_C2,2,419.0,419.0,0.0,23320.290161200668,17.99,1,12B3,55000.0,0.357,0.42400527565819396,1173.6694677871149,True
V12B3_C3,1,218.0,218.0,0.0,8720.0,25.0,0,12B3,85000.0,0.357,0.10258823529411765,610.6442577030813,True
V12B3_C4,1,150.0,150.0,0.0,68181.81818181818,2.2,0,12B3,70000.0,0.357,0.9740259740259739,420.1680672268908,True
V12B3_C5,2,252.0,252.0,0.0,6295.570718647641,40.56,0,12B3,82000.0,0.357,0.07677525266643465,705.8823529411765,True
V12B3_C6,4,495.0,495.0,0.0,43140.84556077961,12.9,2,12B3,3770.0,0.357,11.44319510896011,1386.5546218487395,False
V12B3_C7,1,277.0,277.0,0.0,16547.192353643968,16.74,0,12B3,25000.0,0.357,0.6618876941457588,775.9103641456583,True
V12B3_C8,1,200.0,200.0,0.0,17482.517482517484,11.44,0,12B3,4500.0,0.357,3.885003885003885,560.2240896358544,False
V12B4_C1,1,942.0,942.0,0.0,54767.44186046512,17.2,0,12B4,165000.0,0.915,0.331923890063425,1029.5081967213114,True
V12B4_C2,2,1419.0,1396.0,23.0,55987.246773562765,25.57,0,12B4,140000.0,0.915,0.39990890552544833,1550.8196721311474,True
V12B4_C3,1,1096.5,1096.5,0.0,85530.42121684867,12.82,0,12B4,122000.0,0.915,0.701069026367612,1198.360655737705,True
V12B4_C4,2,1317.0,1317.0,0.0,70442.98734177215,19.75,1,12B4,180000.0,0.915,0.39134992967651194,1439.344262295082,True
V12B4_C5,2,225.0,225.0,0.0,125000.0,1.8,0,12B4,200000.0,0.915,0.625,245.9016393442623,True
V12B4_C6,4,1007.5,1006.5,1.0,73469.34989788973,14.69,3,12B4,190000.0,0.915,0.38668078893626173,1101.0928961748634,True
V12B4_C9,4,853.5,853.5,0.0,55806.45434298441,17.96,3,12B4,110000.0,0.915,0.5073314031180401,932.7868852459017,True
V12B5_C1,4,2745.0,2735.0,10.0,173053.16082499342,19.67,2,12B5,257400.0,2.59,0.6723122021173016,1059.8455598455598,True
V12B5_C2,2,2372.0,2372.0,0.0,150721.36842105264,9.92,1,12B5,260000.0,2.59,0.5796975708502025,915.8301158301159,True
V12B5_C3,4,2153.0,2147.0,6.0,169965.0,11.72,3,12B5,285000.0,2.59,0.5963684210526315,831.2741312741313,True
V12B5_C4,2,2028.0,2028.0,0.0,210329.87898089172,9.42,1,12B5,280000.0,2.59,0.7511781392174705,783.0115830115831,True
V12B5_C5,6,1394.0,1394.0,0.0,98130.49800008918,14.58,3,12B5,300000.0,2.59,0.3271016600002973,538.2239382239383,True
V12B5_C7,1,1638.0,1638.0,0.0,126388.88888888888,12.96,0,12B5,245000.0,2.59,0.5158730158730158,632.4324324324325,True
V13_C1,3,2938.0,2938.0,0.0,214371.01525658806,14.42,1,13,240000.0,3.01,0.8932125635691169,976.0797342192692,True
V13_C2,4,2098.0,2098.0,0.0,127816.59591373439,17.62,3,13,244000.0,3.01,0.5238385078431738,697.0099667774086,True
V13_C3,3,2330.5,2330.5,0.0,146209.46489104116,16.52,1,13,280000.0,3.01,0.522176660325147,774.2524916943522,True
V13_C4,2,2893.0,2892.0,1.0,194114.5326016785,15.49,1,13,270000.0,3.01,0.7189427133395501,961.1295681063124,True
V13_C5,2,2612.0,2612.0,0.0,213849.71417133708,12.49,1,13,215000.0,3.01,0.9946498333550562,867.7740863787376,True
V13_C6,5,2457.0,2457.0,0.0,158895.45112781954,15.96,2,13,610000.0,3.01,0.2604843461111796,816.2790697674419,True
V13_C7,4,1990.0,1990.0,0.0,143130.4157782516,14.07,2,13,230000.0,3.01,0.6223061555576156,661.1295681063124,True
V13_C8,3,2968.0,2968.0,0.0,179935.75412510193,18.0,1,13,245000.0,3.01,0.734431649490212,986.0465116279071,True
V13_C9,1,193.0,193.0,0.0,19223.0,10.04,1,13,620000.0,3.01,0.03100483870967742,64.11960132890366,True
V14_C1,2,1802.0,1552.0,250.0,95790.97306397307,17.82,1,14,211000.0,2.15,0.4539856543316259,838.139534883721,True
V14_C2,4,1745.0,1741.0,4.0,147854.62218890555,13.34,3,14,220000.0,2.15,0.6720664644950252,811.6279069767443,True
V14_C3,2,2421.0,2402.0,19.0,138055.53311793215,18.57,1,14,310000.0,2.15,0.44534042941268437,1126.046511627907,True
V14_C4,6,1840.0,1830.0,10.0,90288.5970679698,22.51,4,14,625000.0,2.15,0.14446175530875166,855.8139534883721,True
V14_C5,3,1612.0,1612.0,0.0,118086.0,14.6,1,14,195000.0,2.15,0.6055692307692307,749.7674418604652,True
V14_C6,4,1768.0,1768.0,0.0,128328.32790224033,14.73,1,14,620000.0,2.15,0.2069811740358715,822.3255813953489,True
V14_C7,1,2448.0,2448.0,0.0,116571.42857142857,21.0,0,14,620000.0,2.15,0.1880184331797235,1138.6046511627908,True
V1_C1,5,4091.4,4049.4,42.0,264450.5167747427,15.7,2,1,370000.0,7.01,0.7147311264182235,583.6519258202568,True
V1_C2,14,8585.125,8053.0,532.125,347927.8093331502,28.0,9,1,775000.0,7.01,0.448939108816968,1224.6968616262482,True
V1_C3,12,7658.0,7534.0,124.0,351059.25312471465,20.29,6,1,650000.0,7.01,0.5400911586534072,1092.4393723252497,True
V1_C4,13,7390.5,6955.0,435.5,310165.0389671583,33.25,9,1,750000.0,7.01,0.4135533852895444,1054.2796005706134,True
V1_C5,10,5057.8,5057.8,0.0,308518.4684182969,20.05,5,1,890000.0,7.01,0.34664996451494035,721.5121255349501,True
V1_C6,8,4767.0,4762.0,5.0,295569.9916589435,10.46,6,1,720000.0,7.01,0.41051387730408817,680.0285306704708,True
V1_C7,4,5596.0,5596.0,0.0,326733.7869042445,15.34,2,1,535000.0,7.01,0.6107173586995225,798.2881597717546,True
V1_C8,5,1365.0,1360.0,5.0,66190.0,24.9,5,1,360000.0,7.01,0.18386111111111111,194.72182596291015,True
V3_C1,4,3086.0,3086.0,0.0,198472.20195563865,18.55,1,3,210000.0,2.72,0.9451057235982793,1134.5588235294117,True
V3_C2,6,2782.0,2760.0,22.0,99051.23362631131,35.27,5,3,245000.0,2.72,0.4042907494951482,1022.7941176470588,True
V3_C3,1,2374.0,2374.0,0.0,155163.39869281044,15.3,0,3,310000.0,2.72,0.5005270925574531,872.7941176470588,True
V3_C4,5,2513.0,2513.0,0.0,114937.58671586716,27.1,4,3,270000.0,2.72,0.42569476561432285,923.8970588235294,True
V3_C5,2,2152.0,2152.0,0.0,145681.47422680413,15.52,1,3,270000.0,2.72,0.5395610156548301,791.1764705882352,True
V3_C6,4,2599.6,2599.6,0.0,125637.43218540127,23.62,2,3,190000.0,2.72,0.6612496430810593,955.735294117647,True
V3_C7,5,1870.6,1870.6,0.0,71117.18826244643,30.13,4,3,190000.0,2.72,0.37430099085498125,687.720588235294,True
V4_C1,1,1683.4,1683.4,0.0,147796.31255487268,11.39,0,4,295000.0,3.57,0.5010044493385515,471.54061624649864,True
V4_C10,1,518.0,518.0,0.0,47392.0,10.93,1,4,310000.0,3.57,0.1528774193548387,145.09803921568627,True
V4_C2,3,3883.0,3861.0,22.0,140830.63862928346,32.1,2,4,215000.0,3.57,0.6550262261827138,1087.6750700280113,True
V4_C3,11,3862.5,3852.5,10.0,223747.9206811153,18.22,5,4,265000.0,3.57,0.8443317761551521,1081.9327731092437,True
V4_C4,6,3082.0,3078.0,4.0,196940.61635220126,15.9,5,4,510000.0,3.57,0.386158071278826,863.3053221288516,True
V4_C5,4,3421.0,3421.0,0.0,168594.64556962025,24.49,3,4,350000.0,3.57,0.48169898734177213,958.2633053221289,True
V4_C6,8,3085.0,3085.0,0.0,657846.4451827243,15.05,4,4,1250000.0,3.57,0.5262771561461794,864.1456582633053,True
V4_C7,4,2062.5,2062.5,0.0,147237.58739255014,14.16,3,4,195000.0,3.57,0.7550645507310263,577.7310924369748,True
V4_C8,2,2850.0,2850.0,0.0,181167.04490750292,15.91,0,4,195000.0,3.57,0.9290617687564252,798.3193277310925,True
V4_C9,1,3046.0,3046.0,0.0,146231.39702352378,20.83,0,4,245000.0,3.57,0.5968628449939746,853.2212885154062,True
V5_C1,5,4173.0,4173.0,0.0,221216.77127355625,16.45,4,5,330000.0,3.78,0.6703538523441098,1103.968253968254,True
V5_C2,5,4128.5,4128.5,0.0,231238.27042552648,21.12,2,5,715000.0,3.78,0.32341016842730974,1092.1957671957673,True
V5_C3,4,3510.0,3510.0,0.0,184486.47314578007,19.55,2,5,410000.0,3.78,0.4499670076726343,928.5714285714287,True
V5_C4,5,3717.5,3717.5,0.0,283354.7143578138,12.85,2,5,900000.0,3.78,0.314838571508682,983.4656084656085,True
V5_C5,3,2301.0,2301.0,0.0,110951.78920953575,23.91,2,5,315000.0,3.78,0.35222790225249445,608.7301587301588,True
V5_C6,4,2561.0,2561.0,0.0,268662.73052071454,6.0,2,5,850000.0,3.78,0.3160738006126053,677.5132275132275,True
V5_C7,1,3145.0,3145.0,0.0,356980.70374574343,8.81,0,5,850000.0,3.78,0.419977298524404,832.0105820105821,True
V5_C8,4,2591.7,2591.7,0.0,152901.60936486482,17.0,0,5,235000.0,3.78,0.6506451462334674,685.6349206349206,True
V6_C1,1,934.0,934.0,0.0,59871.794871794875,15.6,0,6,178000.0,1.04,0.336358398156151,898.0769230769231,True
V6_C2,5,1640.0,1640.0,0.0,99807.97013555585,9.39,0,6,205000.0,1.04,0.48686814700271147,1576.923076923077,True
V6_C3,2,1511.0,1511.0,0.0,86842.66817155757,17.72,1,6,170000.0,1.04,0.5108392245385739,1452.8846153846152,True
V6_C4,2,1234.0,1234.0,0.0,76266.99629171817,16.18,0,6,200000.0,1.04,0.38133498145859085,1186.5384615384614,True
V6_C5,4,1651.0,1651.0,0.0,96593.35465865178,23.29,2,6,540000.0,1.04,0.178876582701207,1587.5,True
V6_C6,2,1058.0,1058.0,0.0,87652.65345765346,12.87,1,6,115000.0,1.04,0.7621969865882909,1017.3076923076923,True
V6_C7,1,881.0,881.0,0.0,90824.74226804124,9.7,0,6,115000.0,1.04,0.7897803675481847,847.1153846153846,True
V7_C1,3,1276.0,1276.0,0.0,71419.0,20.0,2,7,190000.0,1.26,0.37588947368421055,1012.6984126984127,True
V7_C2,3,1794.0,1794.0,0.0,72725.59192825112,31.22,2,7,190000.0,1.26,0.3827662733065848,1423.8095238095239,True
V7_C3,2,1308.007,1252.0,56.007,64008.28586224755,19.31,0,7,210000.0,1.26,0.30480136124879786,1038.1007936507938,True
V7_C4,2,1626.0,1621.0,5.0,92010.0,12.79,1,7,204000.0,1.26,0.4510294117647059,1290.4761904761904,True
V7_C5,4,1300.0,1300.0,0.0,63882.06388206388,20.35,0,7,190000.0,1.26,0.33622138885296776,1031.7460317460318,True
V7_C6,1,924.0,924.0,0.0,76553.43827671914,12.07,0,7,190000.0,1.26,0.4029128330353639,733.3333333333334,True
V7_C7,3,990.0,979.0,11.0,96198.0001980002,9.62,0,7,180000.0,1.26,0.5344333344333344,785.7142857142857,True
V7_C8,4,1586.1,1577.1,9.0,98186.38106235565,17.32,3,7,145000.0,1.26,0.6771474556024527,1258.8095238095236,True
V7_C9,1,1315.0,1315.0,0.0,87259.45587259455,15.07,0,7,400000.0,1.26,0.21814863968148637,1043.6507936507937,True
V8_C1,2,1500.0,1500.0,0.0,90634.44108761329,16.55,0,8,195000.0,1.55,0.46479200557750405,967.741935483871,True
V8_C2,6,2436.0,2431.0,5.0,87784.7243512794,19.28,1,8,195000.0,1.55,0.4501780735963046,1571.6129032258063,True
V8_C3,3,1638.0,1634.0,4.0,86592.0,24.0,1,8,255000.0,1.55,0.3395764705882353,1056.774193548387,True
V8_C4,3,1801.0,1801.0,0.0,90594.58129175947,22.45,2,8,175000.0,1.55,0.517683321667197,1161.9354838709678,True
V8_C5,4,1130.0,1120.0,10.0,87648.00669344043,10.45,3,8,200000.0,1.55,0.43824003346720214,729.0322580645161,True
V8_C6,3,514.0,257.0,257.0,13371.418459403192,29.0,0,8,199000.0,1.55,0.06719305758494067,331.61290322580646,True
V8_C7,3,1002.5,1002.5,0.0,64594.072164948455,15.52,0,8,135000.0,1.55,0.4784746086292478,646.7741935483871,True
V8_C8,5,1490.0,1490.0,0.0,73999.78775684093,20.91,0,8,100000.0,1.55,0.7399978775684093,961.2903225806451,True
V9_C1,2,102.0,102.0,0.0,8860.378553892453,8.05,0,9,88000.0,0.77,0.10068611993059606,132.46753246753246,True
V9_C2,2,1446.0,1446.0,0.0,78157.46043165468,20.85,1,9,175000.0,0.77,0.44661405960945527,1877.922077922078,True
V9_C3,3,1205.0,1205.0,0.0,71444.71228887595,17.17,1,9,200000.0,0.77,0.3572235614443797,1564.935064935065,True
V9_C6,1,490.0,490.0,0.0,140000.0,3.5,0,9,180000.0,0.77,0.7777777777777778,636.3636363636364,True
V9_C7,1,1079.5,1079.5,0.0,102516.61918328586,10.53,0,9,261000.0,0.77,0.39278398154515654,1401.948051948052,True
V9_C8,1,459.0,459.0,0.0,37046.00484261501,12.39,0,9,185000.0,0.77,0.200248674824946,596.1038961038961,True
